cook_id,first_name,last_name,phone_number,birth_date,age,years_of_experience,position,cook_img,username,password
1,Thomas,Guerrero,(904)575-7067,1981-06-13,49,9,second cook,https://placekitten.com/780/145,kstewart,!YLlIKxm2f
2,Charles,Williams,(614)855-7984,1972-05-03,51,9,second cook,https://placekitten.com/8/806,alexandria64,L)1w7^BacU
3,Wesley,Frye,594-927-7981x286,1965-06-01,31,5,sous-chef,https://dummyimage.com/7x275,smonroe,_4ODsr1Hbg
4,Jeffery,Espinoza,(536)654-7381x20731,1995-11-14,56,4,sous-chef,https://placekitten.com/364/377,bfisher,o(5EFhpYGL
5,Daniel,Williamson,463-334-7023,1984-07-26,30,10,sous-chef,https://picsum.photos/733/801,fkeith,&2SG7b$2#6
6,Christie,Gilbert,001-679-669-7366,1971-03-20,39,1,second cook,https://dummyimage.com/424x660,johnsoncynthia,+o!Ny6aW)4
7,Andrew,Martinez,+1-837-540-1045x2497,1984-02-04,40,1,second cook,https://picsum.photos/391/280,annaadams,O4(ts5Gt#Z
8,Christian,Taylor,421.753.2871x583,1973-03-28,29,3,third cook,https://dummyimage.com/826x473,eric57,4NUPowtz#x
9,April,Horn,918.884.1418x622,1964-03-20,40,4,first cook,https://picsum.photos/922/1024,martinezsavannah,%3o5H2(b^7
10,Connie,Hendrix,498.453.5571,1987-07-12,37,10,second cook,https://dummyimage.com/829x690,harrisdeborah,7UWpXHtq#+
11,Rebekah,Ward,295-219-1904x0153,1977-12-19,60,1,chef,https://dummyimage.com/177x258,danieldavenport,TrGUbO49&7
12,Brittany,Miller,001-353-600-4909x9923,1975-09-15,58,2,first cook,https://picsum.photos/297/993,turnercandice,_8RCBsd0&k
13,Erin,Richards,(668)704-7975x74457,1984-02-19,58,9,sous-chef,https://placekitten.com/801/890,michelle95,lo*f4Rha3n
14,Jennifer,Berry,460.382.7330,1981-12-12,36,10,first cook,https://dummyimage.com/431x155,michael79,!tI$1BGf*p
15,Casey,Parks,719.980.3334x42626,1999-04-13,55,6,first cook,https://dummyimage.com/747x407,traceygreene,SDm4yD%s*V
16,Rachel,Wells,001-676-246-6077x55669,1975-12-24,42,2,third cook,https://placekitten.com/191/618,gdaniel,+0MCZnAMDK
17,Jared,Martinez,523.665.4337,1998-05-19,26,4,second cook,https://placekitten.com/883/354,julie74,c#o5YjYp#*
18,Michael,Garcia,619-471-3545x49245,1991-11-28,38,3,first cook,https://placekitten.com/907/797,cervanteskimberly,YtbdMfMT^4
19,Nicholas,Le,746-834-4903,1995-05-17,57,9,second cook,https://dummyimage.com/121x927,chandlermelissa,0$J)pCei#Q
20,Lisa,Jones,732-505-3041x34968,1976-01-28,46,9,chef,https://placekitten.com/344/757,courtney26,MXCoKg2T_6
21,Marcia,Tapia,001-992-694-5026x26744,1983-06-26,47,10,second cook,https://picsum.photos/456/20,jacob45,!7G6sOq$87
22,Mathew,Murphy,001-904-845-8687x5451,1987-11-21,33,3,first cook,https://placekitten.com/516/299,iosborne,AX+g5xxY%1
23,Troy,Khan,486-209-2853x86051,1985-02-06,58,8,sous-chef,https://placekitten.com/118/446,hhuang,#&6zYtD7(a
24,John,Huerta,+1-793-837-1572x801,1985-06-02,43,7,third cook,https://dummyimage.com/756x804,kevincoleman,VD8p$YdIv&
25,Kimberly,Stephenson,001-220-878-5452,1974-02-10,45,5,first cook,https://placekitten.com/678/639,jorge18,$V8u#yTz!7
26,David,Lara,001-998-566-4418x3349,1975-03-16,47,3,first cook,https://dummyimage.com/918x483,meyersstacy,+V5R5q3wXD
27,Cody,Moore,+1-513-566-0192,1972-04-18,48,10,first cook,https://picsum.photos/600/386,beckerelizabeth,qtX3_Kwh0#
28,William,Smith,001-460-420-4006x6040,1993-02-25,48,9,first cook,https://dummyimage.com/93x32,schmidtcynthia,7SH3Jzaht!
29,Danielle,Williams,576-234-8114x1901,1964-09-30,29,2,first cook,https://placekitten.com/253/714,vmassey,H&6T!N7rxp
30,Gabriela,Frazier,(849)768-4413x505,1986-01-31,47,7,sous-chef,https://dummyimage.com/203x573,dawsonmegan,L%350^J0Qq
31,Tina,Brown,300.503.5967,1972-05-19,28,1,first cook,https://picsum.photos/763/680,oking,Zw5HzuL_+Y
32,Johnny,Hansen,404.738.9120,1976-10-31,52,8,second cook,https://placekitten.com/110/894,kyletran,XkY*tlzD_0
33,Samantha,Long,287-528-6439x06412,1972-12-21,28,8,first cook,https://picsum.photos/973/293,pwatson,@crXd5o(M9
34,Cynthia,Goodwin,(702)983-8113x090,1999-04-06,44,3,second cook,https://picsum.photos/656/177,atanner,bM_5uWEG#5
35,Elizabeth,Peterson,(521)921-7933x0568,1991-09-27,34,5,first cook,https://placekitten.com/769/496,anthony92,%0QU&jrb(n
36,Destiny,Colon,494-347-7766x431,1988-01-22,38,10,chef,https://picsum.photos/1003/584,kellyhayes,w3IFR1o+_y
37,Steven,Martinez,8898062818,1986-10-03,34,2,chef,https://dummyimage.com/52x637,wigginsmary,_9BDZoVtSa
38,Tyler,Nelson,001-689-934-5747x2745,1972-01-08,32,9,first cook,https://dummyimage.com/606x947,julian97,EjC0MY^r##
39,Lauren,Colon,697-778-1997x287,1967-04-19,41,3,second cook,https://dummyimage.com/498x368,yblack,9amMpMa^@8
40,Christine,Freeman,(316)477-7397,1996-02-23,55,6,chef,https://placekitten.com/953/326,christopherdean,3!d$9@Xy%6
41,Chelsey,Bishop,+1-332-353-5346x864,1981-10-06,33,1,chef,https://dummyimage.com/244x318,abigail81,*w4Z(Smq+W
42,Cynthia,Hernandez,(327)870-6420x94295,1967-04-06,40,5,sous-chef,https://picsum.photos/596/422,geoffrey32,q+0OUzq4^C
43,Kevin,Douglas,958.738.8729x47844,1985-09-27,60,5,first cook,https://picsum.photos/986/428,nvaughn,%6IX+Jl2BK
44,Becky,Santana,(965)231-5218x0987,1990-12-14,31,7,second cook,https://picsum.photos/872/921,richardsonjoshua,AsC^0Hjinv
45,Henry,Jimenez,660-495-3874x21375,1992-10-13,33,9,second cook,https://picsum.photos/784/263,faulknermarilyn,#)kxMewwi3
46,John,Frost,734.228.2982,1997-05-11,48,4,sous-chef,https://picsum.photos/508/808,wendy21,$HTpz8(F+7
47,John,Simon,001-606-998-5023x784,1998-10-20,59,10,second cook,https://picsum.photos/586/230,thomas35,E9)x@Xd@%z
48,Christopher,Byrd,560.866.9331,1981-02-10,29,6,second cook,https://placekitten.com/233/288,dominguezamy,_R0#!cTaPI
49,Adriana,Stephenson,(376)723-6569x7557,1973-03-15,25,2,sous-chef,https://placekitten.com/622/28,frederickryan,w1ASUH9)@0
50,Melissa,Villa,+1-859-366-2596x23125,1965-11-14,58,1,first cook,https://picsum.photos/726/962,hannajohn,O*LCd7!x+F
51,Lauren,Smith,629-981-6927x70707,1965-05-07,41,8,sous-chef,https://placekitten.com/1008/132,markwebb,(0#i^HDu&O
52,Ryan,Rose,001-974-736-6382x867,1967-11-17,36,2,chef,https://dummyimage.com/354x414,brownmatthew,#(7PY#ItB$
53,Christian,Sherman,(237)263-1678x37003,1975-12-18,54,7,chef,https://placekitten.com/873/837,ywall,K5SMso*s$6
54,Nathan,Banks,001-804-279-7422,1998-11-02,46,4,second cook,https://placekitten.com/175/276,david53,(GRT_PTt3K
55,Robert,Howard,+1-823-300-8543x34876,1963-12-20,33,10,second cook,https://dummyimage.com/990x15,fosterchristopher,!vuxM9PAI1
56,Dustin,Smith,001-840-837-8426x069,1972-10-16,39,3,third cook,https://picsum.photos/655/753,rowemonica,w_1FLOmKDZ
57,James,Gill,530.988.8204,1963-07-11,48,1,first cook,https://placekitten.com/623/870,dannybrooks,nPi3YnGG)R
58,John,Dawson,482.875.1004,1966-03-16,60,9,second cook,https://dummyimage.com/696x710,esaunders,BbGeEqIj_8
59,Rachel,Sawyer,(496)744-6375x6471,1999-05-09,47,6,third cook,https://picsum.photos/395/877,hcampbell,tr#4y1Zix9
60,Ashley,Hernandez,+1-878-353-8620x741,1972-09-14,29,2,second cook,https://picsum.photos/152/118,timothygarcia,k5EiJmRc!&
61,Juan,White,(385)589-1009,1980-02-22,40,2,second cook,https://placekitten.com/963/237,dreed,&v83Wt(WXZ
62,Abigail,Mayer,+1-296-677-7290x904,1987-03-16,53,8,third cook,https://picsum.photos/914/225,sandra06,!y28sTPa$Y
63,Ashley,Harding,818.553.9788x46352,1996-03-16,55,8,chef,https://dummyimage.com/155x255,ashlee30,rz8Kv!gX)i
64,James,Newman,619-877-3624x4973,1984-09-08,31,8,sous-chef,https://placekitten.com/476/967,obrienashley,045iVCzB1#
65,Stephen,White,001-727-664-6498x67384,1981-12-26,50,2,first cook,https://picsum.photos/992/197,underwoodcrystal,gk%08mQdcT
66,David,Alvarez,511.469.1959,1971-05-07,45,9,sous-chef,https://dummyimage.com/668x152,kyle46,)3PrVMoUP$
67,Jennifer,Garcia,939.401.9522x01038,1997-01-01,33,3,chef,https://picsum.photos/467/629,lhenson,*0MgVlTOJq
68,Paul,Sutton,(919)771-2759,1990-10-30,56,1,second cook,https://dummyimage.com/998x837,karivaughn,)UXMVgkZW0
69,John,Neal,001-903-707-5492x551,1965-09-02,33,3,second cook,https://placekitten.com/291/282,liukyle,7V0GvID#N@
70,Andrew,Levy,+1-673-936-2882,1989-03-30,50,2,sous-chef,https://dummyimage.com/899x474,vclark,_zTiWSA8^2
71,Daniel,Smith,001-246-989-6387,1968-12-07,32,9,second cook,https://picsum.photos/454/430,ryanbrown,$YI2BFnf_x
72,Tracy,White,509-549-3786,1988-12-30,58,4,chef,https://picsum.photos/1012/284,christopher08,ne2Z*WSo!7
73,Mark,Costa,487-461-8078x280,1979-03-23,36,3,first cook,https://dummyimage.com/203x612,thomasbrown,r)m0c4GnTz
74,Jenny,Wells,(610)279-6383x8595,1979-02-16,41,3,second cook,https://dummyimage.com/692x635,george21,#1kaQbfazQ
75,Aaron,Washington,(980)843-4074,1977-03-31,35,3,sous-chef,https://dummyimage.com/946x177,ashleynguyen,D&5PX%Ap!z
76,Jennifer,Mcneil,917.240.8882,1984-10-21,50,5,second cook,https://dummyimage.com/574x574,snowsusan,zJ0KxnNw%B
77,Samantha,Coleman,(386)211-4107x838,1971-04-22,54,6,chef,https://picsum.photos/167/953,michael35,#9jBtgf859
78,Leslie,Calderon,(229)603-2068,1973-12-22,49,7,first cook,https://dummyimage.com/126x378,daniel46,$JuFnNvl4y
79,Sarah,Best,001-924-842-1534x0857,1996-05-14,58,8,second cook,https://dummyimage.com/951x143,ismith,t((Q7XvEPC
80,Terri,Jackson,(991)330-6835x192,1985-11-26,57,6,chef,https://placekitten.com/117/780,narmstrong,R06GMzYf^5
81,Lynn,Knight,(510)503-1589,1987-04-14,52,2,sous-chef,https://dummyimage.com/917x214,paulevans,@d%d5ZdRna
82,Lauren,Williams,(354)956-2077x5135,1990-04-25,43,8,chef,https://dummyimage.com/427x45,shieldsmario,E7uTo$ae__
83,Maria,Camacho,001-928-406-5234x1109,1969-06-26,25,10,sous-chef,https://placekitten.com/710/46,gmeyer,)jW8JxcTjh
84,David,Cruz,7443816635,1967-03-24,29,6,sous-chef,https://placekitten.com/320/766,mercedeswhite,Osk8PU7gk#
85,Taylor,Hunt,462.582.9864,1997-05-18,36,2,third cook,https://picsum.photos/1008/893,anthony25,(2eZeWxgcq
86,Thomas,Boyle,+1-970-683-7552x90439,1997-09-10,56,5,sous-chef,https://dummyimage.com/435x780,stonenicholas,W%0cNrTw&6
87,Matthew,Jones,566-870-1299x9273,1965-11-27,36,4,first cook,https://picsum.photos/617/969,millerpaula,j)Aoz5Zn_(
88,George,Cooper,(899)312-7372x2243,1985-04-13,27,4,second cook,https://picsum.photos/106/530,gshelton,2pNAQC2b*@
89,Shane,Ashley,215.237.4161x82513,1996-10-08,53,9,chef,https://placekitten.com/46/561,kevinruiz,6u*1Vubyzi
90,Brandon,Moore,(966)846-0925x89222,1965-02-08,29,2,third cook,https://picsum.photos/146/985,jrose,@xJEXFiWT1
91,Mark,Trevino,+1-784-526-4199,1984-01-25,50,6,first cook,https://picsum.photos/140/760,vickiboyle,V5!2Arer97
92,Kenneth,Winters,700.922.2611,1988-09-10,47,2,second cook,https://placekitten.com/387/44,christine68,ie+3WqLfM2
93,Jonathan,Maldonado,630-911-0735x5436,1983-03-05,33,3,first cook,https://picsum.photos/446/1014,brandonlewis,n5__7Xlb*D
94,Leah,Zavala,4885006005,1984-10-07,55,1,first cook,https://picsum.photos/374/604,cindy70,Te0CG2Hh#u
95,Richard,Henson,874-839-3790,1965-05-05,53,3,sous-chef,https://placekitten.com/456/87,caleb61,$o1FMHKo(J
96,Timothy,Cochran,(849)635-4587x886,1968-06-26,27,4,second cook,https://placekitten.com/363/131,pricejamie,@d)7M9Zt0k
97,Sara,Thomas,001-565-287-1456x6725,1967-04-28,26,2,first cook,https://placekitten.com/692/114,ecardenas,%(&b3Ziui@
98,Vanessa,Potts,001-479-478-3079x6500,1975-08-03,35,9,second cook,https://placekitten.com/72/821,baileygriffin,cKFNdYQi^4
99,Derek,Petty,(992)933-6690x22994,1997-06-01,34,4,chef,https://picsum.photos/656/664,oconnorlouis,zBUD3iHp*^
100,Katie,Oliver,+1-411-848-1957x8178,1969-11-26,40,5,sous-chef,https://dummyimage.com/390x637,louishaas,^L$A43HwAn
101,Russell,Anderson,001-539-545-7799x815,1968-05-01,37,6,second cook,https://dummyimage.com/713x295,brianjohnson,^E@P@D#mh2
102,Kimberly,Lyons,001-956-417-5399x721,1970-05-16,33,1,third cook,https://dummyimage.com/23x373,donald12,riZ06xFp!(
103,Lynn,Cortez,001-810-998-8775x0247,1977-12-28,34,6,sous-chef,https://placekitten.com/473/677,timothywhite,M@6E4@tN&5
104,Cathy,Ford,(891)765-0508,1973-01-12,53,9,third cook,https://dummyimage.com/918x276,cruzdana,3DIUlv#a%A
105,Jeremy,Reid,838-247-8926x1845,1993-01-15,26,3,sous-chef,https://picsum.photos/162/311,barajaswillie,Zc0HjY+f_D
106,Nichole,Dunn,252-815-4981,1988-08-09,47,9,chef,https://placekitten.com/169/472,michaelharris,&50JlLUvwd
107,Samuel,King,001-709-952-5244x55030,1988-03-14,42,2,sous-chef,https://picsum.photos/679/476,joshuafuller,WdR0%IEZ^#
108,Antonio,Davis,+1-204-491-6540,1976-07-09,29,2,sous-chef,https://dummyimage.com/949x425,lindsey17,e$P%6VicEj
109,Jesse,Mcdaniel,799-492-2995x02529,1999-01-13,50,8,third cook,https://placekitten.com/518/662,hmitchell,!q&G4tYzCq
110,Patricia,Mullins,889.341.5457x83599,1968-03-23,55,2,first cook,https://placekitten.com/122/131,drodriguez,&_9E9odjg3
111,Mary,Foster,256.586.0207,1979-08-14,26,8,sous-chef,https://placekitten.com/228/224,nancy50,(H^7Wg&l%u
112,Catherine,Smith,(880)311-5577,1964-05-29,57,4,first cook,https://placekitten.com/657/529,cooperjay,e75DYmyY)5
113,Matthew,Grant,(264)533-9047x172,1994-08-04,45,4,chef,https://dummyimage.com/515x194,jamesnoble,0_1K@6lo%h
114,Gary,Maxwell,440.951.6796x74030,1984-07-18,37,10,third cook,https://placekitten.com/11/177,agarcia,z9IUTEXa)a
115,Heather,Cruz,832-533-9335,1970-11-01,56,8,sous-chef,https://dummyimage.com/155x231,billy99,85KQVVOe&@
116,Mark,Mcintosh,258-481-1041x200,1968-08-23,37,5,chef,https://dummyimage.com/283x94,collinsalicia,+7!4D66y$U
117,Michael,Johnson,274.233.2253x9241,1970-03-10,48,3,first cook,https://dummyimage.com/20x850,anitalucas,A0q@y4Oh4!
118,Michael,Johnson,001-365-463-4148x726,1971-07-01,30,4,third cook,https://picsum.photos/783/642,kmoon,1oc5bYStz@
119,Stacy,Blair,001-905-426-5255x60627,1989-07-10,53,7,chef,https://dummyimage.com/514x428,ncarr,#&3PXdoQ_9
120,Brandon,Anderson,001-922-555-0474,1981-09-07,55,2,second cook,https://picsum.photos/63/72,joshua76,qA5b88Nn$8
121,Christine,Davis,001-733-595-0292,1977-01-22,39,4,second cook,https://placekitten.com/258/555,amandacox,!8tD0k+&D+
122,Tiffany,Harrison,001-702-956-4473x2226,1988-05-22,54,7,third cook,https://dummyimage.com/822x953,robertcampbell,(9Cj$1@T+c
123,Tiffany,Alvarez,(936)806-8457,1963-12-13,40,2,chef,https://placekitten.com/585/372,nicholas57,(7XgLG%KS5
124,Samuel,Washington,763-728-5188x0978,1984-09-23,30,6,sous-chef,https://placekitten.com/865/869,rodneyfoster,#4g4NzOD9r
125,Matthew,Hamilton,001-695-878-2402,1974-04-13,32,2,first cook,https://dummyimage.com/381x548,marissa85,V^Vx5JviW*
126,Nicholas,Goodman,976-614-8234x49269,1996-12-05,43,2,second cook,https://picsum.photos/176/485,matthewharrison,(C8WsEtze6
127,Tyler,Olson,+1-580-831-8912x1120,1983-08-29,41,1,first cook,https://placekitten.com/191/207,whitedean,g#q7EtHb$&
128,Marvin,Smith,431-512-5851x119,1988-10-06,46,5,chef,https://placekitten.com/117/215,dford,*R8vSlYsn7
129,Tonya,Little,7195549081,1991-08-18,60,2,sous-chef,https://picsum.photos/929/375,susan90,i@f3CMuh_*
130,Patricia,Goodman,758-931-5504x9741,1996-01-25,38,4,first cook,https://placekitten.com/549/701,kellylisa,Uy&9%ZnkOd
131,Mary,Lewis,(561)523-0099x15480,1987-11-14,55,6,sous-chef,https://dummyimage.com/792x22,waregregory,D^Z5U8zySO
132,Kimberly,French,4964953042,1980-07-11,39,6,third cook,https://picsum.photos/701/410,justinhardy,3dvAQ%c##)
133,Pamela,Mcmillan,378.690.3240,1998-01-15,25,10,chef,https://picsum.photos/518/344,bflores,1H2tKwoP)m
134,Anna,Stokes,001-664-934-5912,1988-09-27,42,1,second cook,https://dummyimage.com/153x273,josephdaniel,lb4YR2Me^^
135,Elizabeth,Lee,709-651-2545,1997-04-26,47,10,chef,https://picsum.photos/811/58,stacey07,k^W8FgnTI3
136,Paula,Clarke,001-502-331-8310x73791,1974-01-04,45,2,chef,https://dummyimage.com/466x64,beardkaren,K^6sAGah6_
137,Christopher,Nguyen,(692)981-3553,1998-08-25,50,1,third cook,https://picsum.photos/45/347,brookeibarra,t&Y3Ibkb&4
138,Nicholas,Mcdonald,403.226.5410x7643,1986-08-03,45,2,chef,https://dummyimage.com/622x574,jesus20,Y1M#6nNc($
139,Debra,Webster,+1-953-618-6313x405,1964-05-08,48,9,first cook,https://dummyimage.com/91x357,summer51,ipo9C6ScO%
140,Jennifer,Patel,369.754.2150,1983-05-25,33,4,second cook,https://picsum.photos/392/941,kyle87,$6K%5Jq^k#
141,Maureen,Sanders,453-530-4002x349,1995-03-23,52,8,sous-chef,https://picsum.photos/973/133,joseph76,x4V1Ry%t*y
142,Sarah,Nichols,697.307.9467x98057,1964-06-01,25,8,first cook,https://placekitten.com/280/204,sandrahiggins,fzv%HCks+3
143,Desiree,White,814-986-7964x324,1998-04-02,36,4,sous-chef,https://placekitten.com/485/352,vharper,#8kZDkcN)a
144,Jeffrey,Gutierrez,(327)747-6066,1995-09-30,25,5,first cook,https://placekitten.com/223/852,sarahturner,pmY5K7imo!
145,Daniel,Stephens,(832)212-6544,1998-01-11,48,9,first cook,https://dummyimage.com/884x545,elainewoods,H#4HcSwq7U
146,Justin,Schroeder,001-602-919-7106x1655,1989-11-08,42,2,chef,https://placekitten.com/349/614,pauljames,!0GYT0evAc
147,Anna,Cruz,453-849-3440x570,1992-10-24,58,5,first cook,https://dummyimage.com/766x839,sandersmark,_xCpWD2f10
148,Timothy,Beard,997.631.1119,1984-04-05,31,2,third cook,https://placekitten.com/993/970,barryjamie,_lN$pZfi27
149,Travis,Kaiser,940-333-8525x783,1993-07-31,49,7,first cook,https://placekitten.com/412/293,thomasdavis,^PCJjVfQ17
150,Oscar,Garcia,3125331545,1967-04-08,56,1,first cook,https://dummyimage.com/394x218,smurphy,^rgSZWJf8z
151,Juan,Todd,335.316.2933x378,1992-01-28,26,7,sous-chef,https://placekitten.com/870/400,destinysoto,#)4l2PvPy!
152,Tiffany,Harper,796-732-5712,1980-03-21,35,7,sous-chef,https://picsum.photos/151/862,mcintoshjoel,A3EwTJKs(U
153,Abigail,Conner,771.272.2902x29704,1977-03-19,37,5,second cook,https://dummyimage.com/811x695,christinasalas,8MJ$loMt+e
154,Susan,Meza,940.740.8588,1988-10-22,54,3,chef,https://dummyimage.com/573x685,pharris,@w%Z45RcB7
155,Joann,Watkins,851.896.3107x69404,1984-12-31,40,4,chef,https://placekitten.com/134/55,danielgarcia,c7xAcMAy_9
156,Courtney,Lopez,478-438-8428x254,1994-05-14,45,4,third cook,https://picsum.photos/290/616,ryan94,bOJX#ccq+5
157,Kayla,Huber,7876380692,1983-03-18,55,4,third cook,https://placekitten.com/696/473,gwhite,C&1h1YPoZF
158,Kari,Carter,(802)250-1853x79713,1988-08-15,28,10,chef,https://picsum.photos/107/694,hesseric,A2tLOs$1%!
159,Andrew,Rogers,001-232-817-4841x786,1995-02-21,54,10,second cook,https://placekitten.com/123/618,johnkemp,82k2)Y6q+0
160,Courtney,Thomas,992-479-6758,1980-11-05,47,3,second cook,https://dummyimage.com/1001x989,portega,%riS4COJV)
161,Brandy,Lewis,001-223-448-1466,1964-01-06,45,3,second cook,https://placekitten.com/368/695,jason66,J79EevnE_&
162,Kevin,Brown,001-892-927-5822x02434,1978-02-16,37,3,chef,https://picsum.photos/938/967,jack65,Nua_3Kgo#q
163,Rebecca,Mcgee,563-919-2716,1998-03-15,52,8,sous-chef,https://placekitten.com/947/736,bradleyreynolds,%8oL1jlo4w
164,Larry,Smith,276.300.3317x11213,1983-08-14,33,2,third cook,https://placekitten.com/536/777,kristi56,T@18Iosp_d
165,Jennifer,Mckay,655-908-5750x3923,1970-07-22,48,5,chef,https://placekitten.com/785/968,jameslopez,A5qGm3@n!E
166,Sharon,Wright,(967)689-3906x236,1989-10-19,45,3,sous-chef,https://picsum.photos/831/178,mdean,u!GyGgez!8
167,Nancy,Simpson,9278014078,1970-07-14,42,5,first cook,https://picsum.photos/36/561,alyssamcmillan,(Cc7wAwMz%
168,Christopher,Frank,001-898-990-5782x47059,1965-12-15,55,10,chef,https://placekitten.com/467/300,wademarc,k%9KXwCuyn
169,Holly,Jones,689.728.4731x4446,1969-01-31,53,3,second cook,https://dummyimage.com/354x23,tamararhodes,@0@hGZDmLO
170,Hannah,Young,+1-302-820-1384,1993-06-08,56,5,third cook,https://picsum.photos/328/125,kevinpowell,U)5QslA!&G
171,Michael,Hughes,(288)437-1158x2384,1988-05-07,43,4,second cook,https://dummyimage.com/349x761,rhonda69,^9PN&wse$V
172,Louis,Hayden,001-746-527-5834,1973-04-10,34,10,second cook,https://placekitten.com/522/382,charles67,e468b7Km%5
173,Valerie,Bryant,201-820-3168x8054,1983-10-23,60,9,chef,https://picsum.photos/628/498,ytrujillo,s0EZ4OfX+8
174,Courtney,Martinez,(909)462-2677,1998-09-09,34,3,chef,https://dummyimage.com/348x251,brittany23,+qXvcwac_4
175,Jasmine,Fisher,+1-929-905-5744x4661,1990-11-20,46,6,chef,https://dummyimage.com/764x494,rollinstimothy,#36R7Dpzxp
176,John,Tran,729.839.8670x18245,1964-02-19,54,4,third cook,https://dummyimage.com/27x969,michael34,nZ!SHtyL)6
177,Maria,Mills,+1-507-920-5365,1997-10-30,51,2,first cook,https://picsum.photos/457/1024,john07,*2E$iy#qwB
178,Melanie,Rose,4607204563,1982-01-05,31,9,second cook,https://placekitten.com/101/949,alvarezjacob,9h_lTeKh_d
179,Lori,Terry,(291)978-3853,1969-02-01,39,4,chef,https://dummyimage.com/297x506,jasonkim,y1CM)mZJ_h
180,Brian,Li,001-475-669-2521x58552,1973-04-25,58,1,first cook,https://picsum.photos/646/355,jose73,%7AZHElY_@
181,Chase,Nelson,001-654-938-3226x443,1990-03-22,46,9,chef,https://placekitten.com/257/212,darryl62,f($V$9o_!B
182,Madison,Dennis,649-548-8413,1992-12-20,42,4,chef,https://picsum.photos/271/905,gjenkins,^p%4YmTpdz
183,David,Steele,001-442-414-5891x47142,1988-08-21,27,4,first cook,https://picsum.photos/884/241,lsmith,y^l1V(ZfP5
184,Billy,Hall,287.344.5571x07489,1989-11-30,56,4,first cook,https://picsum.photos/154/747,kyle96,&6KWi8Aj@$
185,Helen,Mcintyre,727-644-4809x896,1982-07-06,31,10,sous-chef,https://picsum.photos/380/62,ccummings,@Et6CnBAwZ
186,Nicole,White,922-468-1621x863,1987-03-31,53,6,first cook,https://dummyimage.com/833x914,georgeharrington,^1^oDc5DFc
187,Rachael,Gross,+1-457-823-4271x500,1983-03-17,33,10,sous-chef,https://dummyimage.com/188x606,stantonjanice,*FAZAACb5g
188,Nichole,Brown,001-907-953-1329x258,1970-02-08,43,4,second cook,https://dummyimage.com/652x703,chelsea50,$q1+4N@y2p
189,Edward,Miller,(455)822-5867,1966-09-12,60,6,second cook,https://picsum.photos/563/421,pguerrero,2NmhiRug%D
190,John,Hughes,(471)378-2826x07594,1986-02-05,53,5,third cook,https://dummyimage.com/870x198,stephenspatrick,K*28%X(jw7
191,Donald,Castro,(503)569-1027,1989-12-19,38,6,chef,https://dummyimage.com/235x248,luisstevens,$FH@aer^4&
192,Ann,Mahoney,622-952-4980x07497,1996-12-19,48,3,first cook,https://placekitten.com/33/137,floresrobert,&9IOt4au8N
193,Amanda,Hall,462-661-2316x00767,1963-12-22,47,5,first cook,https://dummyimage.com/488x552,nsanchez,25+1kUxE+h
194,Gregory,Alvarez,001-329-657-4297x99739,1995-05-20,39,5,sous-chef,https://dummyimage.com/134x358,marissahodges,Fm^f9RWy+S
195,Matthew,Smith,796.957.3500,1984-01-01,49,4,third cook,https://dummyimage.com/837x504,emilythompson,%Ah5XIxU(T
196,Joel,Melton,001-327-209-5034,1988-10-29,31,3,chef,https://dummyimage.com/73x48,kimberlyromero,iF4sR_zm3_
197,Bradley,Peterson,4787434718,1972-09-23,38,2,sous-chef,https://dummyimage.com/783x979,floresalexa,n^W9Y9i)hw
198,Eric,Gibson,806.333.1125,1987-04-05,43,7,first cook,https://dummyimage.com/337x628,andreasantana,)A_g3Pqkt(
199,Ernest,Young,(648)854-5090x991,1985-12-01,55,9,second cook,https://picsum.photos/531/69,brittany72,K(j4Yr!z+R
200,Akis,Petretzikis,001-655-213-4012x392,1963-10-12,53,9,first cook,https://m.media-amazon.com/images/S/amzn-author-media-prod/eiq6b97irc6f5ia18aevbdnnc5._SY600_.jpg,akisp,12345
