recipe_id,Name,Ease of Prep,Notes,Type,Prep Time,Photo,Ingredients,Slowcooker
1,Jamaican Jerk Chicken,3.0,Luke loved this one,Main Dish,30.0,,Chicken,
2,Pasta Salad,2.0,Make night before,Salad,20.0,,"Kielbasa,Noodles",
3,Lasagna,2.0,Make night before,Main Dish,45.0,,"Sausage,Noodles",
4,Hearty Pancakes,3.0,Makes enough for 2 days,Breakfast,20.0,Image 29 April 2017 07:50 AM.jpg (https://v5.airtableusercontent.com/v3/u/26/26/1710374400000/Jil8PhN7P00gbv0AdZod_w/aOFLDv3dWaaIQn4MGCM6rDC2OM3TIuqfmL0XdKRmj6kOxjpOQKCmY61wNJbRo_rs6ptiWuxIqppbnSEFQwq4_Sw1Zg8a4SRhLSbGDmoKc-78XQfceNE6e71dV4z0Td3j/ND3PT0PKF-r1C-kIQIZ9weGPfk7zdwiNUDIw504lgLc),"Milk,Eggs,Corn Meal",
5,Summer Garden Couscous Salad,4.0,,Salad,30.0,Image 08 May 2017 07:00 PM.jpg (https://v5.airtableusercontent.com/v3/u/26/26/1710374400000/xfP4JNnbZluSMUvAww7yrA/eOD8pj-LxcVLnNTVDPuqt_F41pEySkrEgMdA_GoV-XhI9XWymDzBmYl2--STjtTiSRz8MOJzAlW1yK9omKRWpZ7DS2s0Ha54Tcnnyd0zesV23Cd3WhwmqN7jmbM4JxMb/L-cklYSNIf0IyawzZcYFd6lVtf_Nzt3305LFFdeMe10),Vegetarian,
6,Squash Corn Chowder,4.0,,Main Dish,45.0,Image 08 May 2017 07:06 PM.jpg (https://v5.airtableusercontent.com/v3/u/26/26/1710374400000/nfz2J_tgBUocFoEGxCcKMg/pS2dfp_HpmZLLXfSLi4JOvczd2508iVdOCvbHaZY25SjPCEfxWrmY025cRwDuzhBlXkBxf6g4xURnovRWsteqCORw6VXessgJgTYF_c17xoiTEwIsCZcZ0fZfUmBhh-n/YF0V8GjRuN_O94qMPm2-9XxGAeNCTUTwycd-XtX2vWw),"Vegetarian,Potatoes",
7,"White beans, tomatoes, and spinach",2.0,Luke likes this one,Main Dish,30.0,Image 10 May 2017 07:14 PM.jpg (https://v5.airtableusercontent.com/v3/u/26/26/1710374400000/FoXjQm0mhPRaqCymGldSXA/2WyeThgJJQ7Xhez-poGGBe0zBLs4QUBRnBYHXP5cLBPX9dYzKimfDdVmu2RE2UdUd23FbwEcNU5n9TceiKQMcbOsjnOVnJaM8xSHYRiAzL-3r_0_iavuOSBehVWFIzqI/-muMI9kEaJWfT08NrWWfiU3XCJT9t_PBEOiSQjNmKt8),"Rice,Vegetarian,Beans,Eggs",
8,Spaghetti,1.0,,Main Dish,15.0,,"Noodles,Marinara Sauce",
9,Scones,1.0,Make dough night before,Baking Basics,45.0,Image 23 June 2017 11:21 AM.jpg (https://v5.airtableusercontent.com/v3/u/26/26/1710374400000/_LCSt-ujvVD0vcFey5yxdw/bOaxI_Hs-sx4ai1L8JqPbiKyHr2OozVvlWl64nTBhj3Uk4qD5hYc1LcW-e3HlsVl-TkNDIo5BCXAFykM4h01Rvzcp8wgxCLFokjhabUq_d2n7HpwxK512j-91Qo5bwPF/pJep7qfudaQzP0ypJD7KfNqA9gZkst_L911m2zwMBdM),,
10,Pizza,3.0,Use half whole wheat flour,Main Dish,120.0,Image 14 May 2017 02:11 PM.jpg (https://v5.airtableusercontent.com/v3/u/26/26/1710374400000/BkibjXYjm85D0I6HZY7yTQ/T09qDo6SPbmaSk7-zY3JylRtQ3XHRBBz1Uw3jV6DvTMa-u66PvkEHxE4L-1UB6OKVDl2rX2LWA0GVyDUz53-UiesI6-YkiUBNICCnPEAXQmsBtlSy9l7k2HOfdcVp8nN/sOTWpRK3GwE4PD8ETWJo7Kn0oqcVJfCzQ29fwrPSHx4),"Sausage,Cheese",
11,Stir-Fry,2.0,,Main Dish,25.0,,"Chicken,Rice",
12,Rustic Italian Tortellini Soup,4.0,,Main Dish,30.0,,"Sausage,Noodles,Cheese",
13,Swedish Meatballs,5.0,,Main Dish,90.0,,"Beef,Noodles,Eggs",
14,Barley Beef Skillet,1.0,,Main Dish,25.0,,Beef,
15,Southwest Beef & Rice Skillet,1.0,,Main Dish,25.0,Image 23 June 2017 11:22 AM.jpg (https://v5.airtableusercontent.com/v3/u/26/26/1710374400000/DM87yVxRVjZ8ZZt28hIkZg/6hb7fH1NarIqden4eh-6lTIYXr-3L9tRtEOYGYoQCoYgI7jPnnmHtF4k2s-jR9lGI5ANvjqPX7NRjRDzBjEqWREg6L5Qi8D1HUwePrANbQxW8GT0--SRJdivhDF4wFCi/18eIIXFdhpDZZW9zhDYPQ0d2ytlnKWyZ3qt8b2SK4WA),"Beef,Rice,Beans",
16,Glazed Pork Chops with Corn Bread Dressing,3.0,,Main Dish,45.0,,Pork,
17,Fried Rice,1.0,,Main Dish,20.0,,"Chicken,Eggs,Rice",
18,Zesty Sausage & Beans,2.0,,Main Dish,45.0,,"Sausage,Beans,Rice",checked
19,Prosciutto Pasta Toss,2.0,,Main Dish,30.0,,"Noodles,Ham",
20,Cashew Chicken with Noodles,3.0,,Main Dish,20.0,,"Noodles,Chicken",
21,Herb Chicken with Honey Butter,3.0,,Main Dish,30.0,Image 23 May 2017 05:26 PM.jpg (https://v5.airtableusercontent.com/v3/u/26/26/1710374400000/pRu4LgDlvyhRoo_UeAdPdA/VTvPJpfrkFTxjPAbQR0HPPrCTqaUACNmMHgYmod8u8cOcIKK3GrmLPy1VD_xptXG_kCXfFvMiMkGVhnHruLuD5FLVUcW6NZ3kDwaBl1cP9vu3VZocTgW7cvDzFuqwcXa/ViKJt1d9Tu10BzClOaErpopev5X47Z0IFtuG1c-o9rk),Chicken,
22,French Toast,1.0,,Breakfast,10.0,,Eggs,
23,Swedish Pancakes,2.0,,Breakfast,20.0,,"Milk,Eggs",
24,Baked Cheddar Eggs & Potatoes,2.0,Add bacon,Main Dish,45.0,Image 20 May 2017 07:52 PM.jpg (https://v5.airtableusercontent.com/v3/u/26/26/1710374400000/UK1Oyt0uX75VDL7-7i1c_Q/PjuOvvaHAQYu9HJJznMWzEEGimQ_SXsiidK67RjK6Ci_W25HRPmlgf82J8dxvdrLFX8rkCYQNufUm-HYBB6ZjBoD-M1B1kzZIOXQK4n9MaBw-qQbjz-QqvoXHPjZw3Rz/6isSIFDomoakjaTgP7G9F4OrQT1z-yh65aDRWt6WWNU),"Potatoes,Bacon,Cheese,Eggs",
25,Baked Mostaccioli,1.0,,Main Dish,90.0,,"Noodles,Marinara Sauce,Cheese,Sausage",
26,Ravioli with Snap Peas,4.0,,Main Dish,40.0,,"Noodles,Milk,Cheese",
27,Cloverleaf Rolls,2.0,,Side Dish,30.0,,Milk,
28,Greek Yogurt and Honey Blueberry Muffins,3.0,,Breakfast,30.0,,"Eggs,Milk",
29,Whole Grain Waffles,1.0,,Breakfast,25.0,,"Eggs,Milk",
30,Lemon Bars,2.0,,Dessert,60.0,,,
31,Qahaq Cookies,3.0,,Dessert,30.0,,,
32,Blondies with Nutella,4.0,,Dessert,90.0,,,
33,Hot Chocolate,1.0,,Dessert,10.0,,Milk,
34,Chocolate Mousse,4.0,Whisk on stove until thick,Dessert,30.0,Image 23 June 2017 10:40 AM.jpg (https://v5.airtableusercontent.com/v3/u/26/26/1710374400000/ClSFrDzMsak1ay80Nl0V1A/Ysl1BD1UtFNC89E2z0_YzDc6_r_qdWtYudG85ysD0zIb1GVga7k-ib8fHNLmhkuEcHqHwBu62WI8IKmgccVPjxTj7UxPSQHfzycf8xobqGDgELyN-NPSLIQF7W4NcNld/_lff71H3D5RVaRfD6gdDEqe47MZBtJXdtg8AQ0JyvuM),Eggs,
35,S'mores Cookie Bars,4.0,,Dessert,45.0,,,
36,Orange Chicken,2.0,,Main Dish,40.0,,"Chicken,Rice",
37,Tostadas,1.0,,Main Dish,20.0,,"Chicken,Cheese",
38,Black Bean Stuffed Sweet Potatoes,2.0,,Main Dish,20.0,,"Beans,Cheese",
39,Asian Shredded Beef,1.0,,Main Dish,30.0,Image 23 June 2017 11:19 AM.jpg (https://v5.airtableusercontent.com/v3/u/26/26/1710374400000/7_zGu84k1MV9yYUTAEMoFA/lKJwYjG5ZKhN1KIFXCu2OxdIrMmtk5p_qnrwPA4gfj5MAs4gaWBwwnOXhB03uGgwEk9TmfBbLECIolSWyfzCQiooKUBhi5fmC79ZBWBiq3fvQzBTYMOx-8V-6hVG0Pbw/oRFyDgb7RHp23jyJjZGcqi5maM4S--lv1BYDBNiN7_o),"Beef,Noodles",checked
40,"Capellini with sausage, spinach, and jalapeno",2.0,,Main Dish,40.0,,"Sausage,Noodles",
41,Crispy Chicken with Kale,2.0,,Main Dish,45.0,,Chicken,
42,Roast Chicken Grain Bowl,3.0,,Main Dish,60.0,,Chicken,
43,Chicken thighs with barley and peas,2.0,,Main Dish,60.0,,Chicken,
44,Rice noodles with meatballs and bok choy,4.0,,Main Dish,45.0,,"Beef,Noodles",
45,Paprika Pork with Roasted Potatoes and Dill Cream,2.0,,Main Dish,60.0,,"Pork,Potatoes",
46,Chicken cutlets with carrot and kale salad,3.0,,Main Dish,30.0,,Chicken,
47,Gnocchi and sweet potatoes,2.0,,Main Dish,20.0,,,
48,Shepherd's Pie,4.0,,Main Dish,60.0,,"Beef,Potatoes",
49,Garlic Parmesan Chicken,1.0,,Main Dish,45.0,,"Chicken,Rice",
50,Turkey Pot Pie,2.0,,Main Dish,60.0,,Turkey,
51,Balsamic Bacon Brussels Sprouts,2.0,,Side Dish,40.0,,Bacon,
52,Lemon Red Potatoes,1.0,,Side Dish,150.0,,Potatoes,
53,Potato and Corn Chowder,1.0,,Main Dish,20.0,,"Potatoes,Milk,Cheese",
54,Thai Chicken,1.0,,Main Dish,30.0,Image 22 May 2017 06:55 PM.jpg (https://v5.airtableusercontent.com/v3/u/26/26/1710374400000/TNWAgJR-4wDlKabM2pq1dA/BIqNesyJkXkgzggukSnfYLnKxNpZ_V5yZCQtxAHtQI8vXOTPaYVsQpGZT7VwLuGqwtnQ7AF8n6wShP8xbZUas5tDbyJT0PUPwSyuAhvI602jte-89r_I8GD7uFOTrHqv/NCSTD8Q8W51zKu6XsfutxSZXp-zrvQMxc0H1xbFyRj8),"Chicken,Noodles,Eggs",
55,Italian Fagoli Vegetable Soup,2.0,I added pasta to make it heartier,Main Dish,45.0,Image 30 May 2017 05:01 PM.jpg (https://v5.airtableusercontent.com/v3/u/26/26/1710374400000/8RhijI3Jv4iWRwcz3PZrVA/Wnvk5HXiHYQa9Ll34fYoQN8mBexIdDz9p7s-FeGRiF2KsEQnbIqWZMPGn9E2fatFOnBU3YhjFw1_aYWw3K20245PYzs2VbA1zHxhX0VnP0_yM_NtsOZzj0d270pUvBxZ/iDw86MiIXt4VZ6NTBWknFsxBpnGuWRKV-_uIecjPAD8),"Vegetarian,Beans,Noodles",
56,Blueberry Pie,2.0,,Dessert,120.0,Image 23 June 2017 10:41 AM.jpg (https://v5.airtableusercontent.com/v3/u/26/26/1710374400000/8d-qwkdKl6S_suodqIqt3A/qvRb0b4d_gasm5fgwCFNbr5hzHgS81bNtHYnJ7gAMK_2wba8zNg7U3ukPY0jIYvxh-1SVUPmk6ecIrQ1lDTBIn1PZSH3Nlb6ozXsZpAyBFMFVMnKjVngRNC9ASTmWiAl/ERWm_9jmkyM2pUwKBn5ucF4DA8SqtKlMRHswtUHoT9M),,
57,Chocolate Pudding,2.0,,Dessert,30.0,,,
58,Browned Butter Beets,4.0,Roast longer than you think,Side Dish,120.0,Image 23 June 2017 10:46 AM.jpg (https://v5.airtableusercontent.com/v3/u/26/26/1710374400000/Azyv9G_viKvGeJ4eNe4BnA/Ea19WVqAOWWiD0yo6v1OlV0EC00q0DTECoXTzE9apas1FAGm5NoAmY6-iNWEz6lY8YRIOpi7fmuyiviKYNU-IsopYysnqPPTEzAArq8rjbYCLKOO5jJT6JXzv3Cx4tpg/ibQg0W-gAZmdIQRO-_LqpNPTBvZXH2BvqoHyzasefFg),"Beets,Breadcrumbs",
59,Turkey Soup with Homemade Noodles,3.0,,Main Dish,120.0,Image 23 June 2017 11:22 AM.jpg (https://v5.airtableusercontent.com/v3/u/26/26/1710374400000/HEKsa66BD9wCsn7M6qXq_w/gLfKfUMheHM1dnTts4BssCdNurBQIq_cHM6tBM6iHqPbbJna5hf-Yqo6326NLr4MBprZ8EukH_mZm_xOFJILX-FX9ou_xetCQQqif-DvXsmWHDHUxROC7iqpZB0kyjog/Qav_RMEDZFRe5AznhO_-Q-jbRPozK6wgRSn1EPhqUqI),"Turkey,Noodles",
60,Home fries,1.0,,Side Dish,45.0,Image 23 June 2017 11:27 AM.jpg (https://v5.airtableusercontent.com/v3/u/26/26/1710374400000/fogbFkdGnRJKAJFlDs4mkQ/L8WA6ashOjEDCp60J2ZiBQReV31SEXz8KYfOIxQjU2yGqk4UYo4U4noYvQzby8k_tkEejgG__3-DGWM7UVZRcOelVNIU656T4aTX5KT3obaM1_fOvkG1f3tMv0H7fuoH/b-ylTwXK7NcRBc1df4Ehs-fRysj3hWfDXanGjZUimAI),Potatoes,
61,Chocolate Raspberry Torte,4.0,So good,Dessert,60.0,Image 23 June 2017 11:28 AM.jpg (https://v5.airtableusercontent.com/v3/u/26/26/1710374400000/Ig6cDIjvCSkuvxYXdxsPEg/Bqh2iJlj5DDIXpnOrnuRd1wL3b2NxV4aDJcFl_xKkltIDIATkuyfNKWXA0i2UoZGL6b1UiFqHCPcvVxS1T7iLzjqcwgyZ7bgGbjJxAf-ntiXK2Wz_SlLopcCmA3T3UsA/j9hB3v6z3gxEzXGnnOOdaOs1F8kF6lDONOMR4ZprWTE),"Eggs,Milk",
62,Golden Latte,1.0,,Drink,20.0,Image 23 June 2017 11:31 AM.jpg (https://v5.airtableusercontent.com/v3/u/26/26/1710374400000/O81eyTRqFwX5Bfdo4ROpxQ/dnrdHobMiP47QKIHBQjerzkD83VBRLO9iEk768GMcYb2MOL7QXhEd5kc2jKer2UJ6s-roYOIA-xgf6O3ei5RXP7hfv-4S0LK0goaGCiPD8fr6FxA6HIwKlRiBvnW4215/C26F1sTYeKddgkdnQ-gqGQ52zYS8IyASM5RcB9lAbcA),Milk,
63,Fig Shake,2.0,,Drink,10.0,Image 25 June 2017 10:12 AM.jpg (https://v5.airtableusercontent.com/v3/u/26/26/1710374400000/KkbT-BKIg6poc81ZfZ96Eg/dLepQZgSf3tfGWddktG2Nd3YIsZJw51zSZljfv-RyYCbrP0RRM_SzRDIeEdZTXEZ9OG-rq7AO4fyCJfK4MfNtBZ7irrvG3jaxd_FWSrTvbRdFdkRqetlDG7ir1Hqa8R1/1mTmA8dRvJcKG8Klhl4OKr7wbQ75o6lwygzx0FfFfJs),Milk,
64,Lentil Soup,3.0,Double it next time,Main Dish,60.0,,"Lentils,Vegetarian,Carrots,Onion",
65,Buckwheat Tabboulah,1.0,Use more buckwheat,Main Dish,30.0,,"Buckwheat,Vegetarian,Carrots,Onion",
66,Lentil Rice Bowls with Egg,2.0,Add rice in after 15 minutes and use more water,Main Dish,60.0,IMG_20170828_182603.jpg (https://v5.airtableusercontent.com/v3/u/26/26/1710374400000/vMq28-493tKY71lwhQdXqA/VAyO2HLbiEHMaDL3rysaZlF56HO95vlvbPxbpPqJNj-UD5s6Rixgjjif4jPaSN5csBokQzEvHhHjfqk805rfYkjZTQ18-grItyftywXJJBa5uypRC1ox9Q1uLyStt-om/xSYrrtfS7JxST-xMwvD9ZvzGWjM2sM6u-Qy8I4PRrTM),"Rice,Lentils,Onion",
67,Italian Vegetable Lentil Soup,2.0,,Main Dish,60.0,IMG_20170902_192742.jpg (https://v5.airtableusercontent.com/v3/u/26/26/1710374400000/Dp7bUcwDfsWP_3vk6GhFyA/BZkHVH_UZBv2rjAhWGQiI0Vj-MhVyBih9WU0yN9URLvdo8zeTe70PiLiQSvcJ68y2EOsKL_ChNNnuGT-JFWQDpVYmOkydDN4rWRvorkz-uBsQzAHiKPjfCjQFygcG7zu/wI0lAU4korg-EGx3LxcYHQwduHknkpbn2-HIvwkqdT8),"Lentils,Onion,Vegetarian",
68,One Pot Chicken & Potatoes,1.0,,Main Dish,90.0,IMG_20170906_181313.jpg (https://v5.airtableusercontent.com/v3/u/26/26/1710374400000/bYEQ6e9sR-P6cgU9rE-Jhw/jsWlDkCsf5ly5y0PzDOlSxFd1WKVu-yBDf0zn7MocNU_1WRTbD5xGjtdc8K1e5oH-UE4IAix3pYbAiY9xW4-5K5ExljXg-pYnWKNE3ad9n7S1EW-I1v-sQEYqLm0bzUF/jhYTzeTrVfIGnSH_eeZrHRgekGWqxoksVgp3M3y75xs),"Potatoes,Chicken,Carrots,Onion",
69,Sweet Korean Lentils,2.0,DELICIOUS,Main Dish,45.0,IMG_20170903_192529.jpg (https://v5.airtableusercontent.com/v3/u/26/26/1710374400000/krIAeS9GkjuASjMom9RtPQ/fUFkYjqoaIlaajZB3363a3I30rEgaMknnxbL61HkI7PpVfrSPfKhTKMIZBZsej08YVqgzAxImo9u1D6I5rMGYwTEf4SQ1ew9Kga5RpdkCnKaGw2N81QNe46tRjtwQnI4/mHEOAN3ZrR1KM1rR-UHIufXF1H0c-NuMUKhRwpAiXzM),"Lentils,Rice,Onion",
70,Buckwheat Beetroot Salad,3.0,,Main Dish,60.0,IMG_20170904_194839.jpg (https://v5.airtableusercontent.com/v3/u/26/26/1710374400000/mhls7PLtX7C93XSDK90uzQ/ox4ltMMIZota1UI6UBazNYBpwpR7g5V3PMcdsnsRKnevIxK6Bhc0JmKwPSdaH90JbsrGCR9QooBytwFFifTpBBjp6xSVzfEBVDlJABKH9qfYytWM_6wdtJUBvzLZ43vl/xUHJuZ4-7Tk4t2X6oSOJhjPyyxin4H4w4sL-X2L9Fvc),"Beets,Buckwheat",
71,New Potato Lentil Salad,2.0,,Main Dish,50.0,IMG_20170905_205050.jpg (https://v5.airtableusercontent.com/v3/u/26/26/1710374400000/ghbUuyMmQeLKEDf66CfO9Q/Fw46GHT8lRCGBNi9CVsfyQM2RvLkuBJngQdcM6HF1mhXawZfBj2_ZWatYmPWgUIhWX8yq2YOR-onEYyVLLlryFNjs5t4E1OmbteRNNBqCi2G7cUNjLR9eyuITig0Z6jf/dcWob_p-G3yQyIpEDyAFLtesM3HURVZCi3BDf4yE2wA),"Potatoes,Lentils",
72,Ham & Potato Soup,3.0,Super yummy,Main Dish,60.0,IMG_20170910_191325.jpg (https://v5.airtableusercontent.com/v3/u/26/26/1710374400000/lqLBctq87AYC1zdJ-iu8Qw/duIo5O5CMhnXl8sM25DpuVDqerRk0_8oQTM18oQwEBtk_sx9dwsnygTAgvKCYsMkh60iRNZ21a4iSenScEjUwuZQyWhokCvd5lMk_O_XgLYvFazD3s2238-tpU2ag-f5/F7eIn5cR8v1jbI1nDDUodudHyfiFokr6lq8Gz6epu3A),"Potatoes,Ham,Onion,Milk",
73,Lemon Dill Potatoes,1.0,,Main Dish,50.0,IMG_20170912_202005.jpg (https://v5.airtableusercontent.com/v3/u/26/26/1710374400000/dO81Qu6hkC5nBYwudC6qGg/J9NPPTHmKYG4yFlOTPo2wTb1uLAXMO20ed3kukR7bZyKXdkPD2z8msLyg_iWfoG_02DsCDfNIJ0Y33chj18Xz4Ow5OLAkXe1Jsk6npKe5d0-h9Wk2YFIf7j60-jOBBtE/2oYsWbs5Inyy5HzQ0x2bYXKWFY_FWl3s9m6WUpqnUNA),Potatoes,
74,BBQ Lentils,2.0,Very good,Main Dish,60.0,IMG_20171001_183430.jpg (https://v5.airtableusercontent.com/v3/u/26/26/1710374400000/v3cmu6Fm-zP1pjSDE2wucw/3FiReR7RS6Mmp7MXV0xxlmbWlKxRAEdYkXkKCqQCUTPO6DcjbPHSljhFd9eRXoaiDvxxv2WYLKmQmulC0naZ61lC3rUm2LYut_ZR0jlGq0ppbPqlbGPalu6HMoU0kP2T/96Y-bj0hvrnU46EuBkap3OsCvQ5BiOcA6buGDNW9sZQ),"Lentils,Rice",
75,Healthy Buckwheat Soup,1.0,Eh,Main Dish,45.0,IMG_20170916_181235.jpg (https://v5.airtableusercontent.com/v3/u/26/26/1710374400000/b_9FgOJFs0g8xHGEFAHoaA/Fef7yGWQarmDOkXTi9s7cyaOpRO-vviw0KNTzro0I7_EzTWFo57xSiNCIBV3mktThIvsz77AvQVDf8_4GIQn-zRtk-hWouixLjwPivmjreZT3iUgJ9pGAt0iGJdGIjXd/85EE3ntr2EAqtJhUNnexay5g2PDFhWFg2cog6gvD8X4),"Buckwheat,Carrots,Onion",
76,Buckwheat Chicken Pilaf,4.0,Extremely good,Main Dish,120.0,IMG_20170920_214256.jpg (https://v5.airtableusercontent.com/v3/u/26/26/1710374400000/TNLtXwu5rGhGI7WnTnQi8w/M9W3Q03bCna5HfAVSoc85T8T070xw7XDvOZyev3F5zgDDKgzozEq2EfTDe7MTM7OXvnB78Mrf3FL96yyljJBBW_bIa_tlW04Nwp-CQtCv8V5Xny_txZFPEOoad7Tctwf/wILNHwgkMVp8KujTL4Jx1DqVGSP6DwTxD1iVuH_zXcE),"Buckwheat,Carrots,Chicken,Onion",
77,Vegetable Noodle Soup,1.0,"Luke's favorite way to eat noodles.  Absorbs a lot of water, need to add more second day",Main Dish,40.0,IMG_20170925_215045.jpg (https://v5.airtableusercontent.com/v3/u/26/26/1710374400000/4VVO77YtAOu570dpAQtxMg/u-cV2df5EyTSQyo88WGlqP1at_6TtypFNp3tkzBAWM9-9toHW6642WtJsj7fecMQWeiChEuBAKSn2gPhAB88-3HJn6mOslItOar1g9KSpdJ4SYryrn3qk99kaRclSzrC/nzu-lIijcVD6TFydba7aI7lsQe-jDAR2S8P6NU_TVcE),"Carrots,Noodles",
78,Bacon and Honey Potato Salad,2.0,Don't cook bacon too long,Main Dish,45.0,IMG_20170926_202224.jpg (https://v5.airtableusercontent.com/v3/u/26/26/1710374400000/K8zA9dGkiwO6Is1vhUHebQ/eFv0BYxE64JM0r16FafZz2NZ2rua6URa-rY99bo5z05LIOMhelgXrJqZc-X9xwz_f_PwMl8pfWjDUuwL1bf_PbtaJtm2BJA4ud7t_szgyH6BztyBEs-awObun9j5jNZ6/9ezk-Y6aBvSLqF5EZEWbIIwiq8g5okGiluvX3ODat1Q),"Potatoes,Bacon",
79,Pretzel Sticks,3.0,Flip pretzel sticks half way through,Baking Basics,60.0,IMG_20171004_185102.jpg (https://v5.airtableusercontent.com/v3/u/26/26/1710374400000/4uBXMDoeAu1Bhv2JFYvsEw/dv7H8osi6rf4JNOJrDVqzEJA5vj29tep-XU_a9P2GhKrrj6SYB6zqkTwgW66ktRErYG0Q3DjLsUG8LXlb4FdgRH1guIibFouGJInBDvhZfzWUHdqvWSDsgdgrBqI18os/AHlgczqcmKZH6ihMj6lao_-lmmSzTshQgVAYkARnXxA),"Eggs,Flour,Yeast",
80,Golden French Lentil Soup,2.0,Best lentil soup,Main Dish,60.0,IMG_20171008_191344.jpg (https://v5.airtableusercontent.com/v3/u/26/26/1710374400000/Ge3hun1_SNm36AdY671qNw/zOrXIwa009t6fj-JgrQYTCbs0hzj4U4lHZjf3qTyq21RdMkiUwJL9TtLJzxQAgU5UsXbOnABnXuyGlzmNL2UUnHPu2wA9lyLJHAHWouGxVVOIaNUugyz23ZGdPcwIs3u/f1PyO5KGQUCBsFR-wB1QU3qBL6rO4WStIdVyzZW5F2o),Lentils,
81,Lentil Shepherd's Pie,3.0,So good,Main Dish,90.0,IMG_20171010_202849.jpg (https://v5.airtableusercontent.com/v3/u/26/26/1710374400000/WI-M-tOGnEe_nGHvQAy6eg/vUJenFr296D6yhXlblF5pLg2ChwN3jP5kbO1aFzqoIpSby7tM_CQvzHa5DtptyOu0uC5Fqp-ktWkTofmfVZ3tG5o9-_2kdRnIaBQUOFYnROiQi7BzoSpPprNWRiodvL1/zTO1kXuGyqByHrnAGI-V0_gn5eKRjgYZtMJ9t2A-zdo),"Lentils,Carrots,Onion,Peas,Potatoes",
82,Honey Lime Chicken,2.0,Doesn't use the stove!  Sear chicken skin longer (+5 minutes),Main Dish,45.0,IMG_20171011_210405.jpg (https://v5.airtableusercontent.com/v3/u/26/26/1710374400000/O3xVWOUQg6BSQ5IQYByETw/MkijJplQc167RDxM4x_mlykg0THkMjp4kwUyKqN0JWdkU2XqCG_OSAxTNq_vkU_4ervTHqNvCkVC6k6cDGvcWWNv8hlS3pqN5kWDH8Y32wqTfvXd1FoU0RwXrc9blF3i/b81jdHZKQ0yMrLNeXvqfhbpPsAR79opGcWqJhJfjP6I),"Chicken,Rice",
83,Lentil Curry,1.0,Makes a ton,Main Dish,45.0,Image 05 November 2017 10:19 PM.jpg (https://v5.airtableusercontent.com/v3/u/26/26/1710374400000/h7xiix3zGx0eGvt90-d3jw/zeXcgN2UPsygmPwRisOdM1AdBIGDs8VulJoZt0jviUpseY1Unr0cBoQ5fgbNY-LJSsY6DVfo86QNvoWQBqYEM8gY6sNkWDP89wMlWPPBLEg2uRNLk8IP4-zSBLndgQ-7/JKwO_6U6Y_HIyYDjKVNhNZdIByGdG6_Kl7slZvY3A10),"Lentils,Carrots,Onion",
84,Dutch Oven Bread,1.0,Bake at 180 for 25 min with lid and 15 min without,Baking Basics,60.0,Image 05 November 2017 10:21 PM.jpg (https://v5.airtableusercontent.com/v3/u/26/26/1710374400000/ywZIU4mmKk6Quk61YTrQWg/kTKex7yjRc1DGzKK40O-dSYe2L83Lp1sxvqRWdOqCxrPTlgVYlACiLoj5SQrgMemSiDUPDUydGGSmbfH3A9PI9IZ4Gc_zT2-SiLGO9d_CAJX1jzW7jEWmkRYxLzZ6bh2/KDdPiL6HczgVdx1qgNi4uhpZP-096YTgHwHzAUkTSyM),"Flour,Yeast",
85,Potato Apple Roast,3.0,,Main Dish,45.0,IMG_20171030_190727.jpg (https://v5.airtableusercontent.com/v3/u/26/26/1710374400000/RhFUq1tRjEKf7xWXNu_v-Q/F7M5HmjEdPAGk-HfvbT4gsu0_oS2tI4rL5qQTNW24pTbPVZsofS7li5RtYLkZ5MaW2shpNw0C_yFIwlZ6xUg3qPWGdOj7KHL3KWkVK14-t106IgJnRe4_kVmWMHwATfC/DnaE8zyv_a70T7sMMmHiEpXsPA8nbf6Q8vNj7ixqbxg),"Apple,Potatoes,Ham",
86,Baking Powder Biscuits,1.0,,Baking Basics,30.0,IMG_20171025_194215.jpg (https://v5.airtableusercontent.com/v3/u/26/26/1710374400000/GbUcnepigmdai9fHVxxkTQ/ykMpTwDihn03lXez8ZNcjv7PJtrXX3os2FxOiDscvWxiKtXnJX92L0aZOTsRN6umkVFWXbrTu_6ZLiIG5sYjLuAgcUA6nGTuEUQsxKgxwRjaIOFysJee8DxriEohohyc/pFaOqadzk7ObVZQvII_S5Gj8M6bgS36Jk349YS9migM),"Flour,Milk,Eggs",
87,Sugar Cookies,2.0,,Baking Basics,25.0,IMG_20171018_201605 (1).jpg (https://v5.airtableusercontent.com/v3/u/26/26/1710374400000/qo73Az8oqbaHLNsTU0wEmA/M6sCx9zcCBb7ryddBEomaNqf90KNEbNNXS4guo2WZ553xK0h5Iij_bvUO25O6msg5H6HCyEyAPuKvh6E0sxehC_CYE6E0j_9CXqhdyZeYNBkEFTnpfDGr2U89ZBvn5d5/wusdwf15Vc5L-jYtr0O4K4Ypk6e_0y6B4Iz4-USfegA),"Flour,Eggs",
88,Potato Curry,2.0,"Too tomatoey, use less tomato, more cream",Main Dish,35.0,IMG_20171017_203922.jpg (https://v5.airtableusercontent.com/v3/u/26/26/1710374400000/fHI-03X65gkUQv5T4iPIOw/rGO6DkmRoBkgNCYminxHyAxJFx3DDwVl6QkKwY8vKIm3RlaWBGHoJ-A9ZNbcG7JRF30fIgRxk-TZWrKOpZD8lewH-CE5Ne8VUkMSqFtBqeUY5ps7ihFOAYQ4V_HemDQ9/8p95nOm9atURmY1eY5j0kURSn8ao8gdoOJEXnSMfnLU),"Potatoes,Vegetarian",
89,Bucatini all'Amatriciana,4.0,Very yummy,Main Dish,45.0,IMG_20171107_194756.jpg (https://v5.airtableusercontent.com/v3/u/26/26/1710374400000/LLVQlqbx3co7cw_zkCIN7g/nMbOUsYAbIX5hdR7qw-FFwAfD0e2WWus0OoTB-SyEXWH-Uoprnd-k4q5pNO24SowcrjIAo_GEbP817764B92BOt77ibpRRCzB_yGzefR1vjpi2Sa6_m2Kqw7NHFr7RNC/UyahVqkKXLrU3oFRcekh_NIu38gTCqbS2D7ruey6RSo),"Noodles,Tomatoes,Bacon",
90,Brioche Chocolate Rolls,2.0,,Baking Basics,120.0,IMG_20171108_194838.jpg (https://v5.airtableusercontent.com/v3/u/26/26/1710374400000/U2m9DGijsZesUh5SFhux4Q/kbNII3OIXDSq0Gu4iosXpgXM0DO_VxuhQkRQ0YzwkMcCFVvaXAvuKwqH5uYTNsYSbTnfTEN83kGcrc2fP85sjFnfF6z7ikNIUDUVodd6_aI6gtx1ifaMBEVXl86hmNmp/qiagAQU2qlCqJUsbSOOuvna3WBXwxMtJ2Bapt0QCUeY),"Flour,Eggs,Yeast,Fish",
91,Naan,2.0,Don't fry too long,Baking Basics,45.0,IMG_20171115_202417.jpg (https://v5.airtableusercontent.com/v3/u/26/26/1710374400000/mE3QOb_GVh57N7TMw6HOKQ/YsVOIxPnUApJmDaBfnVMoA7EAAC1Wcp1FtnzRJrNnG8KVYff6Xa_FOoNjJbqy_xD4a8Ay1v_hfFFnLNEPa0Fsk2m3OlA-ZIhJaHWhiU34iux4IbF1lkD9FyC2NJkNAu7/6yzrq_QkGJT8RUggBydCxb-UGuU0MHJlRl04WMDsolM),"Milk,Yogurt,Flour,Yeast",
92,Lemon Poppy Seed Scones,1.0,,Baking Basics,30.0,IMG_20171119_085520.jpg (https://v5.airtableusercontent.com/v3/u/26/26/1710374400000/ROu_p694e-vtszggTyKSYA/ku8h1jtxyBYlOm9DiEnGEUmers_5Y4wzJHz4zWSx6s7DqVh2vZC9DavVtXlZa9qtB2Wa-iUiMLnMOPiXgy4frivsKMd1Py4EzTNpQ_t_yau68TWhgHB78TyqNzRr7loO/bigqQo9UT4udcTIaQ9Ziuz12MU8AHpmszZkEcRFSNdg),"Flour,Butter,Sour Cream",
93,Balsamic Dijon Root Vegetables,2.0,Really yummy - takes a long time to cook,Main Dish,150.0,IMG_20171118_193436.jpg (https://v5.airtableusercontent.com/v3/u/26/26/1710374400000/uou905klCbDcxrndYoXGKQ/oM7ERGZwd_uK_yWKRnbgpmHaOa5-5JrP0QsKWP5HU9i5O1yY1OJnI5BwKfCpTXaq-Uqo_NlHLhTPchL_ORhFfGvKCUATuqjfDawgDvRaiLr9Wv2dZ5eCjswZeExuDZkS/QiRfJ93vL-miZAfdktHm6tjjVlaXVqyKo1Huj50I-eI),"Potatoes,Onion,Carrots,Parsnips",
94,Best Baked Chicken Legs,1.0,Luke loves it,Main Dish,90.0,IMG_20171121_204505.jpg (https://v5.airtableusercontent.com/v3/u/26/26/1710374400000/MOOzPYZVLN6Tba5OYUrC7A/ZscLqPoAEvwPYEfUQIxn3R069ErZ_yYeT1-xMpDFt6Sq1Y03r6bnYnOdvhgx6hTP4R_ZxGCS1HrxuMpLch_3M54W32jPfgfcCV6hblak2bzta3xxMTmeVxMo-Fx-tnXm/vbKMt1giVVaYQ25gcroGi3koWm4r-Zn6DnN6w_MO38c),"Chicken,Rice",
95,Spanish Lentil Soup,2.0,Burns in an enamel pot,Main Dish,60.0,,"Ham,Lentils",
96,Chocolate Chip Irish Soda Bread,3.0,Can use enamel pot instead of skillet,Baking Basics,60.0,,"Flour,Chocolate Chips",
97,Malteese Gilatti,3.0,Hard to get them toasty,Baking Basics,120.0,,"Flour,Butter,Yeast",
98,Buckwheat Carrot and Onion,2.0,,Main Dish,40.0,,"Buckwheat,Carrots,Onion",
99,Sweet Potatoes with Yogurt and Chickpeas,2.0,,Main Dish,30.0,,"Chickpeas,Potatoes,Yogurt,Eggs",
100,Spanish Chickpeas,3.0,Don't forget to make Naan dough ahead of time,Main Dish,45.0,,"Chickpeas,Flour,Yogurt,Onion,Eggs",
101,Lemon Fettuchini,2.0,,Main Dish,30.0,,"Noodles,Coconut milk",
102,Chickpea Masala,2.0,Don't forget to make Naan dough ahead of time,Main Dish,40.0,IMG_20180326_175645649.jpg (https://v5.airtableusercontent.com/v3/u/26/26/1710374400000/hGbjItiJiOxvgT1w1ytmhg/Iq_h0ImdDBvRPWkpZBy6H97oZ962SocuuyYJ3_P6Zv8yZIIWLFc9lCQW-Ksc5HFIKSz0bTtLLg8ieiorlqo5cDpbqHxUG_ZZieiLtLoXNWGIUuLGQWCokHOU1nyFn2IM/G2c_uh8QRK6KIpsiqrNLOLmU0vq--eUjf9kQy2E5zhE),"Chickpeas,Flour,Yogurt,Eggs",
103,Chickpea Broccoli Pesto,1.0,,Side Dish,40.0,,"Broccoli,Chickpeas",
104,Thai Veggie Soup,3.0,,Main Dish,30.0,IMG_20180327_174117059.jpg (https://v5.airtableusercontent.com/v3/u/26/26/1710374400000/85ebVZWB9KKGGq4-jMLhyA/__nw6-LQaL5QyRpgijsWlurBA-1kDkLpsrPoXXnEBB9WLKe8layGwJZMq5rT4EVZbjWTaDM7euIcYB6w6D-aNIzIg8QcV9TZYlhiHxBE-kkHEnunqfNXRfO0kurEwkoL/rkhrVPVQQ9ajy4WfuvQ7F8n87p4hE8NgbS7Csm2EAHw),"Coconut milk,Noodles",
105,Buttery Herb Chicken,2.0,,Main Dish,20.0,IMG_20180401_180911317_HDR.jpg (https://v5.airtableusercontent.com/v3/u/26/26/1710374400000/NIB5sHw1vTDDJKPY8xCz-Q/aQ3aJMeRvIvIGOwzcwKTLgT-NVoUrSYtbqlhIe3R9sGknyOXSUr2YaGQYnLr1xYPdgTUkITWSd8XCDJ9NoXCxhvNnPFUlakRPgJjdc6zfSTrfaInyWnc9hHEDpAT1ylf/3v7zTwmM8iRwW2Rouaomy7bE7rIYd6RL5nBvsyHexQ4),"Chicken,Rice",
106,Rosemary Parsnips,1.0,Can throw in carrots as well,Main Dish,35.0,IMG_20180401_180921951_HDR.jpg (https://v5.airtableusercontent.com/v3/u/26/26/1710374400000/BqyMQqXFTHUe6D0AMVfLmQ/t0UapJdzolV-sn79t3ia9wvCOQC36RFvwPjeGz7zqEiDzhcOaj3QMxsSvzsUfIN2LIzMPHga5aMRuwNWYftWEnMsx4foNRhOWBKueTjVeVlPOs3qYFaEfgo4_2zW089G/YIHPkj9UdNIzZmYnpj0gamPlSaPXAGRNifHhvEZJsCM),Parsnips,
107,Balsamic Potatoes and Asparagus,1.0,Potatoes for 25 min then aspargus for 15,Main Dish,40.0,,"Potatoes,Asparagus",
108,Quinoa Brussels Sweet Potato Salad,3.0,,Main Dish,40.0,,"Quinoa,Brussels Sprouts ,Sweet potato",
109,Thai Peanut Cabbage Quinoa,2.0,,Main Dish,20.0,IMG_20180430_173418382_HDR.jpg (https://v5.airtableusercontent.com/v3/u/26/26/1710374400000/Wuy-b5kbzSODeXUlH1Sm9Q/BAdvbVHGBK8wpgdlEHedWz0OeBb4tbIlP0uEHwYJY1ciPW_pdzWg41C5fk1jDxqjV6WKje_GaMF-fm6LshAUSsyk3_9Ud2639PgAf-utIBHScaYyXUhlCAbXTRn_XHGc/hx1iblJBWJk78ZdZ2RCc2t8S2PUlJs_0eCDaYCELoxo),"Quinoa,Cabbage,Peanut",
110,Lemon Garlic Asparagus with Orzo,3.0,,Main Dish,30.0,,"Orzo,Asparagus",
111,Moroccan Sweet Potato Lentil Stew,3.0,,Main Dish,60.0,IMG_20180416_180744528.jpg (https://v5.airtableusercontent.com/v3/u/26/26/1710374400000/-BPvKGZ03cfTdFjrVxJ2Ww/bYU8uG5Y_Kb4mU8D8RpWGW4urSH5TjTKuYfA1fM8LWkyKgBOYX4l4MBOHtTQuHzbPEznGXwA6gh_8KsDhdFw-tcr7-OAYwpoQvzphlc2bri3Yv96obDdLp2d2Env6aYp/FcB9d40feO2ltKquNlgb2HzW_Y7_3Mp6IXQWta4EF34),"Sweet potato,Lentils,Spinach,Onion,Carrots",
112,Chia Crusted Salmon,2.0,SO GOOD,Main Dish,20.0,IMG_20180406_181053651.jpg (https://v5.airtableusercontent.com/v3/u/26/26/1710374400000/jH0X1_pdx6mVJKKKrQAWGA/QpFDO6Yho6MxDy32vvuzO-gGwEQjtJigo3MRrTanxym6SDUUVo5r1vIlSrVv9HbgMG7nBRamAmigSrE156IsGh0y-ibdQm28sfFG10HjAMuWC0vHy88XXlPqHTWzgMxo/jhoJKq-sAfQj_zOJnbqSd6EXKAt7cF8I9aPGL2m2fF0),"Salmon,Chia",
113,Pinto Beans and Tomatillo Cilantro Lime Rice,4.0,Amazing flavor,Main Dish,60.0,IMG_20180418_174202925.jpg (https://v5.airtableusercontent.com/v3/u/26/26/1710374400000/okj5ErkU3CGK93CxryimHQ/5y8-bW0r-JAqM_FJ2x67e7Umvj3xmRPj2RbduMxy38UF5dGR7TccRDzHO-MvdzVKWMb63TbUWrEQ7KmYAxjpRN5fjuekMEi8Vt87ZsM_l_FcBMlCHPqwD_DzaEbvsqA4/LcgJAuOPLkehjOQvsBayKdy38ihW2_yAszpxYB0wc7U),"Beans,Rice,Onion,Tomatillo,Lime,Garlic",
114,Thai Squash Soup,3.0,,Main Dish,60.0,IMG_20180424_190711006_HDR.jpg (https://v5.airtableusercontent.com/v3/u/26/26/1710374400000/cO4oL1OkfuJI_EWypMXxLA/47aXLT2gOJXQjmcaG0TTgQhT5eMepucgwYKj3uZQVI8YD_MiOm7lVs7p4O8hi1qsJgx8WQjRZ2NLjfXeYtbELWMPD6vtzHvef5kUopF_l85EDxI5l-SgWrF6z0iwtKyy/tDiPL7H5ajdfnBsghLHXo-h40BDO7zaTuI-xdtiBNG4),"Squash,Coconut milk,Peanut,Onion,Garlic,Carrots,Cilantro",
115,Roasted Carrot & Peanut Sauce,3.0,Ask Luke for recipe link,Main Dish,75.0,IMG_20180426_174238611_HDR.jpg (https://v5.airtableusercontent.com/v3/u/26/26/1710374400000/vTSHPTXoS9KOybbltnQdZQ/l5B_e7fiwYUubuvi4lBbYYuXJb17QRTzV4ie0GPz6uRZnXod8zV_2p0aGTP5eW7j-f7MKgqYwnm58am661s6KLzzF94778edpEqA9XgPFjQ73YSqSbWJV4CqqSVJHr8M/L5S_jvDHIjiTAjXC0ORWP2j-Ifgby1Y0fH_RaynMqTM),"Carrots,Peanut,Cilantro",
116,Majoram White Wine Chicken,3.0,,Main Dish,120.0,IMG_20180609_195012555_HDR.jpg (https://v5.airtableusercontent.com/v3/u/26/26/1710374400000/FkFaJ23Q6m-d8N-2_WgOqQ/HAxuo5MHoiUpdSzZzjrX5ps6lco1AP-F_I_XYoaMiiY6GsaSduhp19t0ieB9wXJReLRp5FpMOz-Vj_-VA2tbvlQP51JjQbAXUYFbdn5vEsADWPkpqgE_8zsfeljJiKFL/giqSAohps0K_tA_2dxdP5e8by4xJXL6L5RUXifYAkNs),"Chicken,Wine",
117,Marjoram Carrots,2.0,,Side Dish,30.0,IMG_20180609_195018909_HDR.jpg (https://v5.airtableusercontent.com/v3/u/26/26/1710374400000/3xfzttGX_qEV4LK1Rhcd0g/BMoZHNfpdvRaQgWw9lHEeUpLX1nNHkCnqPG8uADUro1q2UUYZpKCGr8qXGkkO9rwHGREyTBaXphJH8Ix48MdWCH-CsCgBmFZIm18leeMfU3s2LzK8n-95te0FJiXWBLt/9Z8IPbH7PyP071w_2mDe5DJklD_-cM4kDjKfuTEo_7s),"Carrots,Garlic",
118,Soy Mustard Salmon,2.0,,Main Dish,20.0,IMG_20180616_181210927_HDR.jpg (https://v5.airtableusercontent.com/v3/u/26/26/1710374400000/Uxix0TlCcU52voVAE_v02w/JBahm_bMsytyyL-V3fmp_2j_2a8rt27hU8ExOFDAnfiWpJg4croywguN5cKt32N9aU52uA89xIte31Fw6aI8FctLAu-9R3V-H2MbhADqY34jsdFhuTJRmG8WhC5d5Izm/leinkIhU-K2PTKlUHG0CF87jfp6qzLq3dkIfIP1MU74),"Salmon,Soy Sauce,Dijon Mustard,Garlic,Ginger",
119,Chive Butter Radishes,,,,,,,
120,Mango Chutney,3.0,"Lots of chopping but easy clean up
Use less spices to allow mango and feta flavors more room",Side Dish,30.0,IMG_20180617_185026265_HDR.jpg (https://v5.airtableusercontent.com/v3/u/26/26/1710374400000/R4jx9G9dGnb_4Z4tXSvt_w/52pC0Mysx_uE_MQUm51YtAkZdXeBJKZGe0hijkJTijnBIiNt8CWQ58ds0J3ObD4Ipv9oPP6vJnhs01Gk64ebrPeDzWjOMCJEKXC6ZcQyJnsQv4F3mPMxlGwiSMBQDqt1/SJJ-Azm8eTBJbdzy5-aMmWn1iCLOxbz5c7aCFxtWg6I),"Mango,Cheese,Apple,Raisins,Bell Pepper,Jalopeno Pepper",
121,Vegetarian Chili,,,Main Dish,,,"Vegetarian,Tomatoes",
122,Sweet Potato Breakfast Burritos,,,Main Dish,,,Sweet potato,
123,Roasted Sweet Potato Lentil Salad,2.0,"Super healthy and yummy.

Combined two rexpies, use 1 c lentils, 3 sweet potatoes and add more celery and spinach.

Also use 1/4 tsp each paprika and cumin in dressing.",Salad,45.0,Image 07 July 2018 02:45 PM.jpg (https://v5.airtableusercontent.com/v3/u/26/26/1710374400000/EbOJJq-VS9I5y0nMym1Ptg/DU5A6vuMXk3TGdAGpuUg0cAZ-A8x1OIPJ1Jc9LmKJ3W15NCPD9XHMmDbXE6vpkJNWnXOfq81Owh6rde-8V9qUb2baYk5jZSoJmk8FhgnsDn5AowfobvzwkTtOS7NWfpa/ADAU0G-RMlA85dT7QjnodOweMVzbuRUx8Ich2P1dClc),"Lentils,Sweet potato,Spinach,celery",
124,Cornbread,2.0,,Side Dish,40.0,Image 15 July 2018 05:04 PM.jpg (https://v5.airtableusercontent.com/v3/u/26/26/1710374400000/lViARZwjPOX-vtck9gVtOQ/c_kDRw5FgplPLAydg65EjO5yMz1Ogsw6qs9bhu7_xx-RntPwdbYJBF_WR0lEHvlnLfRqzDVuDr2iuZTyUfrEUo9b-apJ2-SQAs6hzTztZ7ebfh6ArJvFO3AYb5ZI-Cb9/4k5MlhVL3mQkI7MKHjTf4noqXjUbgyOoU2fn0N4pcfE),"Butter,Milk,Flour,Corn Meal,Baking Powder",
125,Brussel Honey Lentil Quinoa,2.0,,Main Dish,,Image 17 July 2018 05:44 PM.jpg (https://v5.airtableusercontent.com/v3/u/26/26/1710374400000/U9A76ZOXehx5hhwjxDS1tg/00J65OadtjJcfXUrhC-fn-wBq0IT8joza3c13Y6s9MVM4dy-CpMHVp88nmKCEqubO3Ee76MAUEX6XKgBKv7oqrpUhLJKO3Aswxyxy1K9irOsZmrSNWlmrjnTJR6k0n7G/m9-yJGyEaeV_cw4wCKBlmpv8QYby60fV6e-n7TRj08U),"Brussels Sprouts ,Quinoa,Lentils,Onion",
126,Lentil Sweet Potato Curry,3.0,,Main Dish,60.0,Image 30 July 2018 07:44 PM.jpg (https://v5.airtableusercontent.com/v3/u/26/26/1710374400000/fmuArLEKif2QFG9PGXEdCQ/MCkVKdV8nhLdzw96IpPpZb-p4_6LI-LckRuZnVjvVAvXjSSTpdih9BKq23YXy6lGEg72bWVFQtzr8GnLoZQi4ykiodMdlsj_B58TvZnwL0EbwwtWrQfY7ydeezrjrevE/mFeXTCIB7H7kL5PPZ6vIrE7gPt8-CVxVFMhwyB7deMg),"Sweet potato,Apple,Lentils,Onion,Garlic,Tomatoes,Rice",
127,Gnocci and white beans,3.0,,Main Dish,30.0,,"Beans,Spinach,Tomatoes,gnocchi,Cheese",
128,Pad Thai,2.0,,Main Dish,30.0,,"Vegetarian,Noodles",
129,Kung Pao Chicken,2.0,"Would be better with chicken breast, not legs",Main Dish,,IMG_20180825_175504336_HDR.jpg (https://v5.airtableusercontent.com/v3/u/26/26/1710374400000/gB2hM-VQnpi7inDObKxnWw/vQ_NgrKTKEh7dLltltNO00YR5ySycDxL6sRub8ciMQGEzKP87SK-hsDRPhucEZS2REWVP5s7qkUNF3YQR8kL46VCVTN1vOITi7BbgWieXY7d6DLoKOSGgpoWMSQonbel/fCHT2awG5JxW-uPFCgtwBhNHcDLjhBiyVH8eH2zbYPc),"Chicken,Peanut,Water chestnuts",
130,Mediterranean Tuna Steaks,2.0,Make some rice to go with it,Main Dish,,IMG_20180914_181912580_HDR.jpg (https://v5.airtableusercontent.com/v3/u/26/26/1710374400000/yut0XHa87AVke3W2rSOmcw/FQFcJ32uKFO4MhHFpQQkxMoSAuvOl4yQypZ6n4l7vLc3WIpjX39pdZV_buSeCuwskv3oc0r6UcVQnfSwTLLb19etzhFSL5anwqUW8y7BkjbGPyDm8eLC0vCk3TG2RA9n/c_AiE4s1mXozFgJzpv1bTVImNLlRK-l7K3g0oVRAVCk),"Tuna,Capers",
131,Spicy Black Bean Nachos,,,Main Dish,,,"Beans,Adobo Chile",
132,Tomato Basil Soup,3.0,,Main Dish,45.0,IMG_20180916_182754746.jpg (https://v5.airtableusercontent.com/v3/u/26/26/1710374400000/pCYDZuDO0dyJIpqW63lj0A/7YNEoKCoRYTqZgSjV_OehElJHQSlJOqb-bW16BLq0NJXqBPT4HpFBR2VcpTGOj66GvB67c2kmhzGk52SZqbxZ8tCAmjgWwEoNabRc5nACuhQdrMfbOsOQ0eFZwWCklDK/JafF3_7moCOp7fjEfVyBMoasQV-6Prb5ll4nQM4xWmA),"Tomatoes,Basil",
133,Chewy Chocolate Chip COokies,2.0,,Dessert,30.0,IMG_20180804_143434172_HDR.jpg (https://v5.airtableusercontent.com/v3/u/26/26/1710374400000/iGfu5SjDkfQo2I624pGXoA/YHD2BaEJ1daQnVDSNFqO7mSxqW8cUsT_aGkCSfxT9xf95sQzcUI_BUBH0uh8MGGkNxFCR3SLq4h_4EJ1DfF2_fIu5gpUj36VyTBF0q10hXJc2SfsTm6ZNDfgp14_UX9g/msq9bXzo6_mHemjq8fXkqyNSlDI1gvtq61RsbLeQl0M),"Butter,Chocolate Chips,Flour",
134,Quinoa Peanut Kale Curry,3.0,,Main Dish,45.0,IMG_20180823_204308156_HDR.jpg (https://v5.airtableusercontent.com/v3/u/26/26/1710374400000/fxvz6lpMrpgfZ0nPQ0FRvg/s5900CMbyTXn-4Nj3XBIFugyHt90yattIW0YlqQKUOqmj3McQuJY0zSbuSHnVZp_5SXBESz7UuYptHoojYqWGk5iQ7UZj0n5gTi0HUU-hNQ1fZ0ZnAU9vAo64Jr6yjoo/VNUlKcFi3bvkK8iFHaAO-BcJmA-S2KCgqxpDetwrojk),"Quinoa,Kale,Peanut,Cilantro,Onion,Coconut milk",
135,Sweet Potato Lentil Curry with Pickled Onion,3.0,,Main Dish,60.0,"IMG_20180813_172915204_HDR.jpg (https://v5.airtableusercontent.com/v3/u/26/26/1710374400000/OtIj1vLOp8Mr35tQjL-ZcQ/fOU2Jx9Vvx0R_0zQ5Z2IcZEIyXQXbkEy2WWpyv_NVATBydyd23vK49247TP4kTH9eI9cAedp9RdxvtKfYOKs1gR0suPCP7ZORom4sGqNpIzg5j2ZjL5truWnd1ocPiTJ/7xg7Y1IWNepBY7fUmqnap3Ha2aku4mAiU9e3pwB9txo),IMG_20180813_172921095_HDR.jpg (https://v5.airtableusercontent.com/v3/u/26/26/1710374400000/0jrl-WQ0s4WCFt3L7nxmuA/j36WLmBHzFNuIFRtW4qiov8zyjtrRlo_u9x5TQkiy1-JTdXLlXhO1vdM2QgZ8g4Lmg8F6OmUzi4KCVkNlybTa0TpikYIOERCrhD94AObikIuR8sTAFSURK4vf_ZENAhF/JmOyjNXngHGv2AtJc6m890iFB-01thzdME98hzh2nvY)","Sweet potato,Red onion,Lentils,Ginger,Coconut milk,Cilantro",checked
136,Sardine Mediterranean Pasta,2.0,,Main Dish,30.0,IMG_20180814_172611816_HDR.jpg (https://v5.airtableusercontent.com/v3/u/26/26/1710374400000/-lh5WIZeJEWw0UKrHyAQCg/g5DKUzcyyaOUGOC3EHIcK7rZ3agO9jIabL7JuRhI1Op6yKm-sp3VI3WFN6gXXqGBd0tosDpIv7YRph50M-8ZR9zZj9FJ33lUd0DbHZwSMZBXIYNnlz49alKPIlVWtfki/X5pkScPT3_JZzaFkyFXnPhOJ4huP4mGgQRReMfi0UyU),"Sardine,Capers,Shallots,Lemon,Parsley",
137,Prosciutto apple flatbread pizza,2.0,,Main Dish,45.0,,"Apple,Prosciutto,Cheese",
138,Dill Cucumber Salmon,3.0,,Main Dish,30.0,Image 23 September 2018 09:05 AM.jpg (https://v5.airtableusercontent.com/v3/u/26/26/1710374400000/UcSI-7t-QJTmIJXw2KgNQg/qlUtcnP8u4xdTKqP8TyDV6CNpRvyxaWX1tkgfTRzig3Ep-fCPwurGRUJZst-hM-HzhxpC66HrvQgSc9ugasMlsPnAKcUlStcGJD6-k7tKL5bAcrwGmBAyJKytwccnuCH/Jrzieh1h2junjZFrtqDY-76BYmMiifWF2e-Iqqr65W0),"Fish,Yogurt,Cucumber,Dill,Broccoli,Red onion",
139,Vegetable Couscous,,,Main Dish,,,"Couscous,Green Onion,Carrots",
140,Talapia Tacos,2.0,,Main Dish,30.0,,Tilapia,
141,Roasted Mackerel,,,,,,,
142,Lentil Salsa Soup,,,,,,,
143,Pesto Tomato Penne,1.0,,Main Dish,20.0,,Pesto,
144,Black Bean Soup,2.0,,Main Dish,30.0,,,
145,Balsamic Pork Chops,,,,,,,
