recipe_id,recipe_name,recipe_type,cuisine_of_recipe,level,recipe_desc,no_of_portions,primary_ingredient_id,recipe_img
1,Jamaican Jerk Chicken,cooking,18,3.0,Traditional Jamaican dish featuring marinated chicken grilled to perfection with a spicy and aromatic jerk seasoning.,6,86,
2,Pasta Salad,cooking,9,2.0,"Refreshing salad made with cooked pasta, fresh vegetables, and a tangy vinaigrette dressing, perfect for picnics or potlucks.",8,84,
3,Lasagna,cooking,1,2.0,"Classic Italian dish made with layers of lasagna noodles, rich tomato sauce, creamy béchamel, and savory cheese, baked to golden perfection.",4,38,
4,Hearty Pancakes,cooking,36,3.0,"Fluffy pancakes made with hearty ingredients like oats, whole wheat flour, and buttermilk, perfect for a satisfying breakfast.",2,12,Image 29 April 2017 07:50 AM.jpg (https://v5.airtableusercontent.com/v3/u/26/26/1710374400000/Jil8PhN7P00gbv0AdZod_w/aOFLDv3dWaaIQn4MGCM6rDC2OM3TIuqfmL0XdKRmj6kOxjpOQKCmY61wNJbRo_rs6ptiWuxIqppbnSEFQwq4_Sw1Zg8a4SRhLSbGDmoKc-78XQfceNE6e71dV4z0Td3j/ND3PT0PKF-r1C-kIQIZ9weGPfk7zdwiNUDIw504lgLc)
5,Summer Garden Couscous Salad,cooking,7,4.0,"Light and vibrant salad made with fluffy couscous, fresh garden vegetables, and a zesty lemon dressing, ideal for summer gatherings.",8,11,Image 08 May 2017 07:00 PM.jpg (https://v5.airtableusercontent.com/v3/u/26/26/1710374400000/xfP4JNnbZluSMUvAww7yrA/eOD8pj-LxcVLnNTVDPuqt_F41pEySkrEgMdA_GoV-XhI9XWymDzBmYl2--STjtTiSRz8MOJzAlW1yK9omKRWpZ7DS2s0Ha54Tcnnyd0zesV23Cd3WhwmqN7jmbM4JxMb/L-cklYSNIf0IyawzZcYFd6lVtf_Nzt3305LFFdeMe10)
6,Squash Corn Chowder,cooking,24,4.0,"Creamy and comforting chowder soup made with tender squash, sweet corn kernels, and aromatic herbs, a hearty meal for chilly evenings.",2,73,Image 08 May 2017 07:06 PM.jpg (https://v5.airtableusercontent.com/v3/u/26/26/1710374400000/nfz2J_tgBUocFoEGxCcKMg/pS2dfp_HpmZLLXfSLi4JOvczd2508iVdOCvbHaZY25SjPCEfxWrmY025cRwDuzhBlXkBxf6g4xURnovRWsteqCORw6VXessgJgTYF_c17xoiTEwIsCZcZ0fZfUmBhh-n/YF0V8GjRuN_O94qMPm2-9XxGAeNCTUTwycd-XtX2vWw)
7,"White beans, tomatoes, and spinach",cooking,3,2.0,"Healthy and flavorful dish made with tender white beans, juicy tomatoes, and nutritious spinach, seasoned with garlic and herbs.",7,42,Image 10 May 2017 07:14 PM.jpg (https://v5.airtableusercontent.com/v3/u/26/26/1710374400000/FoXjQm0mhPRaqCymGldSXA/2WyeThgJJQ7Xhez-poGGBe0zBLs4QUBRnBYHXP5cLBPX9dYzKimfDdVmu2RE2UdUd23FbwEcNU5n9TceiKQMcbOsjnOVnJaM8xSHYRiAzL-3r_0_iavuOSBehVWFIzqI/-muMI9kEaJWfT08NrWWfiU3XCJT9t_PBEOiSQjNmKt8)
8,Spaghetti,cooking,14,1.0,Classic Italian pasta dish featuring al dente spaghetti noodles tossed in a rich tomato sauce and garnished with fresh basil and Parmesan cheese.,6,85,
9,Scones,pastry making,11,1.0,"Delicate and buttery pastries made with flour, butter, and cream, perfect for serving with jam and clotted cream for an elegant afternoon tea.",5,34,Image 23 June 2017 11:21 AM.jpg (https://v5.airtableusercontent.com/v3/u/26/26/1710374400000/_LCSt-ujvVD0vcFey5yxdw/bOaxI_Hs-sx4ai1L8JqPbiKyHr2OozVvlWl64nTBhj3Uk4qD5hYc1LcW-e3HlsVl-TkNDIo5BCXAFykM4h01Rvzcp8wgxCLFokjhabUq_d2n7HpwxK512j-91Qo5bwPF/pJep7qfudaQzP0ypJD7KfNqA9gZkst_L911m2zwMBdM)
10,Pizza,cooking,15,3.0,"Iconic Italian dish consisting of a thin crust topped with tomato sauce, melted cheese, and various toppings, baked to crispy perfection in a hot oven.",8,69,Image 14 May 2017 02:11 PM.jpg (https://v5.airtableusercontent.com/v3/u/26/26/1710374400000/BkibjXYjm85D0I6HZY7yTQ/T09qDo6SPbmaSk7-zY3JylRtQ3XHRBBz1Uw3jV6DvTMa-u66PvkEHxE4L-1UB6OKVDl2rX2LWA0GVyDUz53-UiesI6-YkiUBNICCnPEAXQmsBtlSy9l7k2HOfdcVp8nN/sOTWpRK3GwE4PD8ETWJo7Kn0oqcVJfCzQ29fwrPSHx4)
11,Stir-Fry,cooking,41,2.0,"Quick and flavorful dish made by stir-frying vegetables, meat, and noodles in a hot wok with savory sauces and spices, perfect for busy weeknights.",3,89,
12,Rustic Italian Tortellini Soup,cooking,21,4.0,"Hearty soup made with cheese-filled tortellini pasta, vegetables, and Italian herbs, simmered in a flavorful tomato broth, a comforting meal for chilly days.",2,73,
13,Swedish Meatballs,cooking,8,5.0,"Classic Swedish dish featuring tender meatballs made with a mixture of ground beef and pork, served with a creamy gravy and lingonberry jam, a festive favorite.",8,18,
14,Barley Beef Skillet,cooking,19,1.0,"Nourishing and satisfying skillet meal made with lean beef, pearl barley, and vegetables, seasoned with herbs and spices for a comforting one-pot dinner.",5,90,
15,Southwest Beef & Rice Skillet,cooking,40,1.0,"Flavorful skillet dish made with seasoned ground beef, rice, black beans, corn, and peppers, topped with cheese and fresh cilantro, a family-friendly meal.",5,47,Image 23 June 2017 11:22 AM.jpg (https://v5.airtableusercontent.com/v3/u/26/26/1710374400000/DM87yVxRVjZ8ZZt28hIkZg/6hb7fH1NarIqden4eh-6lTIYXr-3L9tRtEOYGYoQCoYgI7jPnnmHtF4k2s-jR9lGI5ANvjqPX7NRjRDzBjEqWREg6L5Qi8D1HUwePrANbQxW8GT0--SRJdivhDF4wFCi/18eIIXFdhpDZZW9zhDYPQ0d2ytlnKWyZ3qt8b2SK4WA)
16,Glazed Pork Chops with Corn Bread Dressing,cooking,48,3.0,"Juicy pork chops coated in a sweet and tangy glaze, served with fluffy cornbread dressing and steamed vegetables, a delicious and comforting meal.",5,4,
17,Fried Rice,cooking,47,1.0,"Classic Chinese dish made with cooked rice stir-fried with vegetables, eggs, and a variety of proteins, seasoned with soy sauce and aromatics, a versatile and satisfying meal.",6,89,
18,Zesty Sausage & Beans,cooking,22,2.0,"Hearty and flavorful dish made with spicy sausage, tender beans, and aromatic spices, simmered in a zesty tomato sauce, perfect for a cozy dinner.",3,30,
19,Prosciutto Pasta Toss,cooking,39,2.0,"Simple yet elegant pasta dish made with al dente spaghetti, crispy prosciutto, sweet peas, and Parmesan cheese, tossed in a light lemon-butter sauce, a quick and delicious meal.",6,43,
20,Cashew Chicken with Noodles,cooking,3,3.0,"Asian-inspired dish made with tender chicken, crunchy cashews, and vegetables, stir-fried with noodles in a savory sauce, a delicious and satisfying meal.",4,37,
21,Herb Chicken with Honey Butter,cooking,10,3.0,"Tender chicken breasts seasoned with a blend of herbs and spices, pan-seared to perfection, and served with a drizzle of honey butter, a delightful combination of flavors.",4,16,Image 23 May 2017 05:26 PM.jpg (https://v5.airtableusercontent.com/v3/u/26/26/1710374400000/pRu4LgDlvyhRoo_UeAdPdA/VTvPJpfrkFTxjPAbQR0HPPrCTqaUACNmMHgYmod8u8cOcIKK3GrmLPy1VD_xptXG_kCXfFvMiMkGVhnHruLuD5FLVUcW6NZ3kDwaBl1cP9vu3VZocTgW7cvDzFuqwcXa/ViKJt1d9Tu10BzClOaErpopev5X47Z0IFtuG1c-o9rk)
22,French Toast,cooking,29,1.0,"Classic breakfast dish made with thick slices of bread soaked in a mixture of eggs, milk, and vanilla, then fried until golden brown and served with syrup and powdered sugar.",2,26,
23,Swedish Pancakes,cooking,32,2.0,"Thin and delicate pancakes made with a simple batter of flour, eggs, milk, and sugar, served with lingonberry jam and whipped cream, a traditional Swedish breakfast.",2,59,
24,Baked Cheddar Eggs & Potatoes,cooking,41,2.0,"Eggs baked with diced potatoes, cheddar cheese, and savory herbs, a hearty and delicious breakfast or brunch dish.",7,36,Image 20 May 2017 07:52 PM.jpg (https://v5.airtableusercontent.com/v3/u/26/26/1710374400000/UK1Oyt0uX75VDL7-7i1c_Q/PjuOvvaHAQYu9HJJznMWzEEGimQ_SXsiidK67RjK6Ci_W25HRPmlgf82J8dxvdrLFX8rkCYQNufUm-HYBB6ZjBoD-M1B1kzZIOXQK4n9MaBw-qQbjz-QqvoXHPjZw3Rz/6isSIFDomoakjaTgP7G9F4OrQT1z-yh65aDRWt6WWNU)
25,Baked Mostaccioli,cooking,50,1.0,"Baked pasta dish made with mostaccioli noodles, marinara sauce, Italian sausage, and cheese, baked until bubbly and golden brown, a comforting and satisfying meal.",2,54,
26,Ravioli with Snap Peas,cooking,6,4.0,"Delicious pasta dish made with cheese-filled ravioli, crisp snap peas, and cherry tomatoes, tossed in a light lemon-butter sauce and garnished with fresh basil.",2,34,
27,Cloverleaf Rolls,cooking,28,2.0,"Soft and fluffy dinner rolls shaped into charming cloverleafs, perfect for serving with butter or as a side to soups and salads.",2,47,
28,Greek Yogurt and Honey Blueberry Muffins,cooking,25,3.0,"Moist and tender muffins made with Greek yogurt, honey, and fresh blueberries, a wholesome and delicious treat for breakfast or snack time.",4,74,
29,Whole Grain Waffles,cooking,8,1.0,"Nutritious waffles made with whole grain flour, buttermilk, and a hint of cinnamon, served with fresh fruit and maple syrup for a wholesome breakfast.",6,78,
30,Lemon Bars,pastry making,38,2.0,"Tangy and sweet dessert bars made with a buttery shortbread crust and a zesty lemon filling, dusted with powdered sugar for a delightful treat.",5,62,
31,Qahaq Cookies,pastry making,46,3.0,"Traditional Middle Eastern cookies made with a spiced dough flavored with sesame seeds, anise, and orange blossom water, shaped into rings and baked until golden brown.",7,76,
32,Blondies with Nutella,pastry making,47,4.0,"Chewy and indulgent blondies made with brown sugar, butter, and swirls of creamy Nutella, a decadent treat for chocolate lovers.",3,68,
33,Hot Chocolate,pastry making,29,1.0,"Rich and creamy beverage made with milk, cocoa powder, and sugar, topped with whipped cream and chocolate shavings for a cozy and comforting drink.",5,62,
34,Chocolate Mousse,pastry making,30,4.0,"Elegant dessert made with rich chocolate, whipped cream, and eggs, chilled until light and airy, perfect for a special occasion or romantic dinner.",4,14,Image 23 June 2017 10:40 AM.jpg (https://v5.airtableusercontent.com/v3/u/26/26/1710374400000/ClSFrDzMsak1ay80Nl0V1A/Ysl1BD1UtFNC89E2z0_YzDc6_r_qdWtYudG85ysD0zIb1GVga7k-ib8fHNLmhkuEcHqHwBu62WI8IKmgccVPjxTj7UxPSQHfzycf8xobqGDgELyN-NPSLIQF7W4NcNld/_lff71H3D5RVaRfD6gdDEqe47MZBtJXdtg8AQ0JyvuM)
35,S'mores Cookie Bars,pastry making,14,4.0,"Irresistible dessert bars inspired by the classic campfire treat, featuring layers of graham cracker crust, chocolate chips, and toasted marshmallows.",6,18,
36,Orange Chicken,cooking,1,2.0,"Flavorful Chinese dish featuring crispy chicken pieces coated in a tangy orange sauce, served with steamed rice and garnished with green onions, a delicious and satisfying meal.",5,71,
37,Tostadas,cooking,27,1.0,"Crispy corn tortillas topped with seasoned ground beef, refried beans, shredded lettuce, cheese, and salsa, a delicious and satisfying Mexican-inspired dish.",2,47,
38,Black Bean Stuffed Sweet Potatoes,cooking,33,2.0,"Nutritious and flavorful dish featuring baked sweet potatoes stuffed with seasoned black beans, cheese, avocado, and salsa, a satisfying vegetarian meal.",6,81,
39,Asian Shredded Beef,cooking,18,1.0,"Tender beef brisket slow-cooked in a flavorful Asian-inspired sauce, shredded and served over rice or noodles for a hearty and delicious meal.",2,13,Image 23 June 2017 11:19 AM.jpg (https://v5.airtableusercontent.com/v3/u/26/26/1710374400000/7_zGu84k1MV9yYUTAEMoFA/lKJwYjG5ZKhN1KIFXCu2OxdIrMmtk5p_qnrwPA4gfj5MAs4gaWBwwnOXhB03uGgwEk9TmfBbLECIolSWyfzCQiooKUBhi5fmC79ZBWBiq3fvQzBTYMOx-8V-6hVG0Pbw/oRFyDgb7RHp23jyJjZGcqi5maM4S--lv1BYDBNiN7_o)
40,"Capellini with sausage, spinach, and jalapeno",cooking,3,2.0,"Delicious pasta dish featuring capellini pasta tossed with spicy Italian sausage, fresh spinach, and jalapeno peppers, a flavorful and satisfying meal.",8,13,
41,Crispy Chicken with Kale,cooking,4,2.0,"Crispy breaded chicken breasts served with sautéed kale and a tangy Dijon mustard sauce, a delicious and nutritious dinner option.",4,100,
42,Roast Chicken Grain Bowl,cooking,47,3.0,"Hearty grain bowl featuring roasted chicken, quinoa, roasted vegetables, and a creamy tahini dressing, a wholesome and satisfying meal.",6,29,
43,Chicken thighs with barley and peas,cooking,30,2.0,"Comforting one-pot meal made with tender chicken thighs, pearl barley, sweet peas, and aromatic herbs, a hearty and nutritious dinner option.",4,6,
44,Rice noodles with meatballs and bok choy,cooking,7,4.0,"Flavorful Asian-inspired dish featuring rice noodles, tender meatballs, crisp bok choy, and a savory broth, a delicious and satisfying meal.",6,21,
45,Paprika Pork with Roasted Potatoes and Dill Cream,cooking,34,2.0,"Tender pork loin seasoned with smoked paprika and served with crispy roasted potatoes and a creamy dill sauce, a flavorful and comforting dinner.",6,53,
46,Chicken cutlets with carrot and kale salad,cooking,2,3.0,"Juicy chicken cutlets served with a vibrant salad of shredded carrots, kale, and red cabbage tossed in a tangy vinaigrette, a nutritious and delicious meal.",3,81,
47,Gnocchi and sweet potatoes,cooking,33,2.0,"Comforting pasta dish made with pillowy gnocchi, roasted sweet potatoes, and caramelized onions, tossed in a creamy Parmesan sauce, a delicious and satisfying dinner.",2,78,
48,Shepherd's Pie,cooking,12,4.0,"Classic comfort food dish made with ground beef or lamb, vegetables, and mashed potatoes, baked until golden brown and bubbly, a hearty and satisfying meal.",7,74,
49,Garlic Parmesan Chicken,cooking,16,1.0,"Juicy chicken breasts coated in a flavorful garlic Parmesan crust, baked until golden brown and served with roasted vegetables, a delicious and easy weeknight dinner.",2,72,
50,Turkey Pot Pie,cooking,29,2.0,"Hearty and comforting pot pie made with tender turkey, mixed vegetables, and a creamy gravy, topped with flaky pie crust, a delicious way to use leftover turkey.",7,49,
51,Balsamic Bacon Brussels Sprouts,cooking,35,2.0,"Crispy Brussels sprouts roasted with bacon and drizzled with balsamic glaze, a flavorful and irresistible side dish for any meal.",2,73,
52,Lemon Red Potatoes,cooking,28,1.0,"Tender roasted red potatoes tossed with olive oil, lemon zest, garlic, and fresh herbs, a bright and flavorful side dish for any occasion.",7,11,
53,Potato and Corn Chowder,cooking,19,1.0,"Creamy and comforting chowder made with tender potatoes, sweet corn kernels, and smoky bacon, a hearty and satisfying soup for chilly days.",4,14,
54,Thai Chicken,cooking,9,1.0,"Flavorful Thai-inspired dish featuring tender chicken, bell peppers, and onions stir-fried in a sweet and spicy sauce, served over rice or noodles, a delicious and satisfying meal.",5,60,Image 22 May 2017 06:55 PM.jpg (https://v5.airtableusercontent.com/v3/u/26/26/1710374400000/TNWAgJR-4wDlKabM2pq1dA/BIqNesyJkXkgzggukSnfYLnKxNpZ_V5yZCQtxAHtQI8vXOTPaYVsQpGZT7VwLuGqwtnQ7AF8n6wShP8xbZUas5tDbyJT0PUPwSyuAhvI602jte-89r_I8GD7uFOTrHqv/NCSTD8Q8W51zKu6XsfutxSZXp-zrvQMxc0H1xbFyRj8)
55,Italian Fagoli Vegetable Soup,cooking,23,2.0,"Hearty and flavorful soup made with beans, vegetables, pasta, and Italian herbs, a comforting and nutritious meal for any occasion.",6,21,Image 30 May 2017 05:01 PM.jpg (https://v5.airtableusercontent.com/v3/u/26/26/1710374400000/8RhijI3Jv4iWRwcz3PZrVA/Wnvk5HXiHYQa9Ll34fYoQN8mBexIdDz9p7s-FeGRiF2KsEQnbIqWZMPGn9E2fatFOnBU3YhjFw1_aYWw3K20245PYzs2VbA1zHxhX0VnP0_yM_NtsOZzj0d270pUvBxZ/iDw86MiIXt4VZ6NTBWknFsxBpnGuWRKV-_uIecjPAD8)
56,Blueberry Pie,pastry making,39,2.0,"Classic dessert made with sweet, juicy blueberries baked in a flaky pie crust until golden brown and bubbling, a delicious and irresistible treat for any occasion.",2,23,Image 23 June 2017 10:41 AM.jpg (https://v5.airtableusercontent.com/v3/u/26/26/1710374400000/8d-qwkdKl6S_suodqIqt3A/qvRb0b4d_gasm5fgwCFNbr5hzHgS81bNtHYnJ7gAMK_2wba8zNg7U3ukPY0jIYvxh-1SVUPmk6ecIrQ1lDTBIn1PZSH3Nlb6ozXsZpAyBFMFVMnKjVngRNC9ASTmWiAl/ERWm_9jmkyM2pUwKBn5ucF4DA8SqtKlMRHswtUHoT9M)
57,Chocolate Pudding,pastry making,32,2.0,"Creamy and indulgent dessert made with rich chocolate, milk, and sugar, chilled until thick and creamy, a classic comfort food treat.",8,46,
58,Browned Butter Beets,cooking,12,4.0,"Sweet and earthy beets roasted until tender and caramelized, then tossed in nutty browned butter and fresh herbs, a delicious and nutritious side dish.",2,11,Image 23 June 2017 10:46 AM.jpg (https://v5.airtableusercontent.com/v3/u/26/26/1710374400000/Azyv9G_viKvGeJ4eNe4BnA/Ea19WVqAOWWiD0yo6v1OlV0EC00q0DTECoXTzE9apas1FAGm5NoAmY6-iNWEz6lY8YRIOpi7fmuyiviKYNU-IsopYysnqPPTEzAArq8rjbYCLKOO5jJT6JXzv3Cx4tpg/ibQg0W-gAZmdIQRO-_LqpNPTBvZXH2BvqoHyzasefFg)
59,Turkey Soup with Homemade Noodles,cooking,25,3.0,"Comforting soup made with leftover turkey, hearty vegetables, and tender homemade noodles, a delicious way to use up holiday leftovers.",7,7,Image 23 June 2017 11:22 AM.jpg (https://v5.airtableusercontent.com/v3/u/26/26/1710374400000/HEKsa66BD9wCsn7M6qXq_w/gLfKfUMheHM1dnTts4BssCdNurBQIq_cHM6tBM6iHqPbbJna5hf-Yqo6326NLr4MBprZ8EukH_mZm_xOFJILX-FX9ou_xetCQQqif-DvXsmWHDHUxROC7iqpZB0kyjog/Qav_RMEDZFRe5AznhO_-Q-jbRPozK6wgRSn1EPhqUqI)
60,Home fries,cooking,10,1.0,"Crispy and golden brown potatoes sautéed with onions and seasoned with herbs and spices, a classic breakfast side dish that pairs perfectly with eggs and bacon.",7,16,Image 23 June 2017 11:27 AM.jpg (https://v5.airtableusercontent.com/v3/u/26/26/1710374400000/fogbFkdGnRJKAJFlDs4mkQ/L8WA6ashOjEDCp60J2ZiBQReV31SEXz8KYfOIxQjU2yGqk4UYo4U4noYvQzby8k_tkEejgG__3-DGWM7UVZRcOelVNIU656T4aTX5KT3obaM1_fOvkG1f3tMv0H7fuoH/b-ylTwXK7NcRBc1df4Ehs-fRysj3hWfDXanGjZUimAI)
61,Chocolate Raspberry Torte,pastry making,49,4.0,"Decadent dessert featuring layers of rich chocolate cake filled with raspberry preserves and topped with chocolate ganache, a luxurious treat for chocolate lovers.",6,53,Image 23 June 2017 11:28 AM.jpg (https://v5.airtableusercontent.com/v3/u/26/26/1710374400000/Ig6cDIjvCSkuvxYXdxsPEg/Bqh2iJlj5DDIXpnOrnuRd1wL3b2NxV4aDJcFl_xKkltIDIATkuyfNKWXA0i2UoZGL6b1UiFqHCPcvVxS1T7iLzjqcwgyZ7bgGbjJxAf-ntiXK2Wz_SlLopcCmA3T3UsA/j9hB3v6z3gxEzXGnnOOdaOs1F8kF6lDONOMR4ZprWTE)
62,Golden Latte,cooking,50,1.0,"Warm and comforting beverage made with turmeric, ginger, cinnamon, and milk, a soothing and nutritious drink with anti-inflammatory properties.",6,100,Image 23 June 2017 11:31 AM.jpg (https://v5.airtableusercontent.com/v3/u/26/26/1710374400000/O81eyTRqFwX5Bfdo4ROpxQ/dnrdHobMiP47QKIHBQjerzkD83VBRLO9iEk768GMcYb2MOL7QXhEd5kc2jKer2UJ6s-roYOIA-xgf6O3ei5RXP7hfv-4S0LK0goaGCiPD8fr6FxA6HIwKlRiBvnW4215/C26F1sTYeKddgkdnQ-gqGQ52zYS8IyASM5RcB9lAbcA)
63,Fig Shake,cooking,39,2.0,"Creamy and delicious shake made with ripe figs, Greek yogurt, honey, and vanilla, a refreshing and nutritious treat for breakfast or snack time.",8,26,Image 25 June 2017 10:12 AM.jpg (https://v5.airtableusercontent.com/v3/u/26/26/1710374400000/KkbT-BKIg6poc81ZfZ96Eg/dLepQZgSf3tfGWddktG2Nd3YIsZJw51zSZljfv-RyYCbrP0RRM_SzRDIeEdZTXEZ9OG-rq7AO4fyCJfK4MfNtBZ7irrvG3jaxd_FWSrTvbRdFdkRqetlDG7ir1Hqa8R1/1mTmA8dRvJcKG8Klhl4OKr7wbQ75o6lwygzx0FfFfJs)
64,Lentil Soup,cooking,46,3.0,"Hearty and flavorful soup made with lentils, vegetables, and aromatic spices, a nutritious and satisfying meal for any occasion.",7,57,
65,Buckwheat Tabboulah,cooking,16,1.0,"Nutritious and flavorful salad made with cooked buckwheat, fresh herbs, vegetables, and a tangy lemon dressing, a delicious and satisfying side dish or light meal.",2,29,
66,Lentil Rice Bowls with Egg,cooking,3,2.0,"Wholesome and nutritious rice bowls made with cooked lentils, brown rice, sautéed vegetables, and a fried egg on top, a delicious and satisfying vegetarian meal.",7,47,IMG_20170828_182603.jpg (https://v5.airtableusercontent.com/v3/u/26/26/1710374400000/vMq28-493tKY71lwhQdXqA/VAyO2HLbiEHMaDL3rysaZlF56HO95vlvbPxbpPqJNj-UD5s6Rixgjjif4jPaSN5csBokQzEvHhHjfqk805rfYkjZTQ18-grItyftywXJJBa5uypRC1ox9Q1uLyStt-om/xSYrrtfS7JxST-xMwvD9ZvzGWjM2sM6u-Qy8I4PRrTM)
67,Italian Vegetable Lentil Soup,cooking,21,2.0,"Hearty and flavorful soup made with lentils, vegetables, and Italian herbs, a comforting and nutritious meal for any occasion.",3,69,IMG_20170902_192742.jpg (https://v5.airtableusercontent.com/v3/u/26/26/1710374400000/Dp7bUcwDfsWP_3vk6GhFyA/BZkHVH_UZBv2rjAhWGQiI0Vj-MhVyBih9WU0yN9URLvdo8zeTe70PiLiQSvcJ68y2EOsKL_ChNNnuGT-JFWQDpVYmOkydDN4rWRvorkz-uBsQzAHiKPjfCjQFygcG7zu/wI0lAU4korg-EGx3LxcYHQwduHknkpbn2-HIvwkqdT8)
68,One Pot Chicken & Potatoes,cooking,29,1.0,"Easy and flavorful one-pot meal made with chicken, potatoes, and vegetables, seasoned with herbs and spices and baked until golden brown and crispy.",2,12,IMG_20170906_181313.jpg (https://v5.airtableusercontent.com/v3/u/26/26/1710374400000/bYEQ6e9sR-P6cgU9rE-Jhw/jsWlDkCsf5ly5y0PzDOlSxFd1WKVu-yBDf0zn7MocNU_1WRTbD5xGjtdc8K1e5oH-UE4IAix3pYbAiY9xW4-5K5ExljXg-pYnWKNE3ad9n7S1EW-I1v-sQEYqLm0bzUF/jhYTzeTrVfIGnSH_eeZrHRgekGWqxoksVgp3M3y75xs)
69,Sweet Korean Lentils,cooking,8,2.0,"Tender and flavorful lentils cooked in a sweet and spicy Korean-inspired sauce, served over rice with sautéed vegetables and a fried egg, a delicious and satisfying vegetarian meal.",8,60,IMG_20170903_192529.jpg (https://v5.airtableusercontent.com/v3/u/26/26/1710374400000/krIAeS9GkjuASjMom9RtPQ/fUFkYjqoaIlaajZB3363a3I30rEgaMknnxbL61HkI7PpVfrSPfKhTKMIZBZsej08YVqgzAxImo9u1D6I5rMGYwTEf4SQ1ew9Kga5RpdkCnKaGw2N81QNe46tRjtwQnI4/mHEOAN3ZrR1KM1rR-UHIufXF1H0c-NuMUKhRwpAiXzM)
70,Buckwheat Beetroot Salad,cooking,2,3.0,"Colorful and nutritious salad made with cooked buckwheat, roasted beets, creamy goat cheese, and toasted walnuts, tossed in a tangy vinaigrette, a delicious and satisfying dish.",8,6,IMG_20170904_194839.jpg (https://v5.airtableusercontent.com/v3/u/26/26/1710374400000/mhls7PLtX7C93XSDK90uzQ/ox4ltMMIZota1UI6UBazNYBpwpR7g5V3PMcdsnsRKnevIxK6Bhc0JmKwPSdaH90JbsrGCR9QooBytwFFifTpBBjp6xSVzfEBVDlJABKH9qfYytWM_6wdtJUBvzLZ43vl/xUHJuZ4-7Tk4t2X6oSOJhjPyyxin4H4w4sL-X2L9Fvc)
71,New Potato Lentil Salad,cooking,15,2.0,"Refreshing and nutritious salad made with tender new potatoes, cooked lentils, fresh herbs, and a tangy mustard vinaigrette, a delicious side dish for any meal.",2,12,IMG_20170905_205050.jpg (https://v5.airtableusercontent.com/v3/u/26/26/1710374400000/ghbUuyMmQeLKEDf66CfO9Q/Fw46GHT8lRCGBNi9CVsfyQM2RvLkuBJngQdcM6HF1mhXawZfBj2_ZWatYmPWgUIhWX8yq2YOR-onEYyVLLlryFNjs5t4E1OmbteRNNBqCi2G7cUNjLR9eyuITig0Z6jf/dcWob_p-G3yQyIpEDyAFLtesM3HURVZCi3BDf4yE2wA)
72,Ham & Potato Soup,cooking,12,3.0,"Comforting soup made with tender potatoes, chunks of ham, and vegetables simmered in a creamy broth, a hearty and satisfying meal for chilly days.",3,85,IMG_20170910_191325.jpg (https://v5.airtableusercontent.com/v3/u/26/26/1710374400000/lqLBctq87AYC1zdJ-iu8Qw/duIo5O5CMhnXl8sM25DpuVDqerRk0_8oQTM18oQwEBtk_sx9dwsnygTAgvKCYsMkh60iRNZ21a4iSenScEjUwuZQyWhokCvd5lMk_O_XgLYvFazD3s2238-tpU2ag-f5/F7eIn5cR8v1jbI1nDDUodudHyfiFokr6lq8Gz6epu3A)
73,Lemon Dill Potatoes,cooking,39,1.0,"Tender roasted potatoes seasoned with lemon, garlic, and dill, a bright and flavorful side dish for any meal.",8,59,IMG_20170912_202005.jpg (https://v5.airtableusercontent.com/v3/u/26/26/1710374400000/dO81Qu6hkC5nBYwudC6qGg/J9NPPTHmKYG4yFlOTPo2wTb1uLAXMO20ed3kukR7bZyKXdkPD2z8msLyg_iWfoG_02DsCDfNIJ0Y33chj18Xz4Ow5OLAkXe1Jsk6npKe5d0-h9Wk2YFIf7j60-jOBBtE/2oYsWbs5Inyy5HzQ0x2bYXKWFY_FWl3s9m6WUpqnUNA)
74,BBQ Lentils,cooking,10,2.0,"Hearty and flavorful lentils cooked in a tangy barbecue sauce, served over rice or baked potatoes for a delicious and satisfying vegetarian meal.",3,52,IMG_20171001_183430.jpg (https://v5.airtableusercontent.com/v3/u/26/26/1710374400000/v3cmu6Fm-zP1pjSDE2wucw/3FiReR7RS6Mmp7MXV0xxlmbWlKxRAEdYkXkKCqQCUTPO6DcjbPHSljhFd9eRXoaiDvxxv2WYLKmQmulC0naZ61lC3rUm2LYut_ZR0jlGq0ppbPqlbGPalu6HMoU0kP2T/96Y-bj0hvrnU46EuBkap3OsCvQ5BiOcA6buGDNW9sZQ)
75,Healthy Buckwheat Soup,cooking,17,1.0,"Nourishing and flavorful soup made with cooked buckwheat, vegetables, and herbs, a comforting and nutritious meal for any occasion.",3,83,IMG_20170916_181235.jpg (https://v5.airtableusercontent.com/v3/u/26/26/1710374400000/b_9FgOJFs0g8xHGEFAHoaA/Fef7yGWQarmDOkXTi9s7cyaOpRO-vviw0KNTzro0I7_EzTWFo57xSiNCIBV3mktThIvsz77AvQVDf8_4GIQn-zRtk-hWouixLjwPivmjreZT3iUgJ9pGAt0iGJdGIjXd/85EE3ntr2EAqtJhUNnexay5g2PDFhWFg2cog6gvD8X4)
76,Buckwheat Chicken Pilaf,cooking,19,4.0,"Savory and satisfying pilaf made with cooked buckwheat, tender chicken, and vegetables, seasoned with aromatic spices and herbs, a delicious and nutritious meal.",3,31,IMG_20170920_214256.jpg (https://v5.airtableusercontent.com/v3/u/26/26/1710374400000/TNLtXwu5rGhGI7WnTnQi8w/M9W3Q03bCna5HfAVSoc85T8T070xw7XDvOZyev3F5zgDDKgzozEq2EfTDe7MTM7OXvnB78Mrf3FL96yyljJBBW_bIa_tlW04Nwp-CQtCv8V5Xny_txZFPEOoad7Tctwf/wILNHwgkMVp8KujTL4Jx1DqVGSP6DwTxD1iVuH_zXcE)
77,Vegetable Noodle Soup,cooking,21,1.0,"Hearty and flavorful soup made with noodles, vegetables, and aromatic herbs, a comforting and nutritious meal for any occasion.",8,74,IMG_20170925_215045.jpg (https://v5.airtableusercontent.com/v3/u/26/26/1710374400000/4VVO77YtAOu570dpAQtxMg/u-cV2df5EyTSQyo88WGlqP1at_6TtypFNp3tkzBAWM9-9toHW6642WtJsj7fecMQWeiChEuBAKSn2gPhAB88-3HJn6mOslItOar1g9KSpdJ4SYryrn3qk99kaRclSzrC/nzu-lIijcVD6TFydba7aI7lsQe-jDAR2S8P6NU_TVcE)
78,Bacon and Honey Potato Salad,cooking,25,2.0,"Creamy and flavorful potato salad made with crispy bacon, sweet honey, and tangy mustard, a delicious side dish for any barbecue or picnic.",3,23,IMG_20170926_202224.jpg (https://v5.airtableusercontent.com/v3/u/26/26/1710374400000/K8zA9dGkiwO6Is1vhUHebQ/eFv0BYxE64JM0r16FafZz2NZ2rua6URa-rY99bo5z05LIOMhelgXrJqZc-X9xwz_f_PwMl8pfWjDUuwL1bf_PbtaJtm2BJA4ud7t_szgyH6BztyBEs-awObun9j5jNZ6/9ezk-Y6aBvSLqF5EZEWbIIwiq8g5okGiluvX3ODat1Q)
79,Pretzel Sticks,pastry making,30,3.0,"Crispy and golden brown pretzel sticks served with mustard for dipping, a delicious and addictive snack for any occasion.",7,19,IMG_20171004_185102.jpg (https://v5.airtableusercontent.com/v3/u/26/26/1710374400000/4uBXMDoeAu1Bhv2JFYvsEw/dv7H8osi6rf4JNOJrDVqzEJA5vj29tep-XU_a9P2GhKrrj6SYB6zqkTwgW66ktRErYG0Q3DjLsUG8LXlb4FdgRH1guIibFouGJInBDvhZfzWUHdqvWSDsgdgrBqI18os/AHlgczqcmKZH6ihMj6lao_-lmmSzTshQgVAYkARnXxA)
80,Golden French Lentil Soup,cooking,48,2.0,"Nourishing and flavorful soup made with French lentils, vegetables, and herbs, a comforting and nutritious meal for any occasion.",4,20,IMG_20171008_191344.jpg (https://v5.airtableusercontent.com/v3/u/26/26/1710374400000/Ge3hun1_SNm36AdY671qNw/zOrXIwa009t6fj-JgrQYTCbs0hzj4U4lHZjf3qTyq21RdMkiUwJL9TtLJzxQAgU5UsXbOnABnXuyGlzmNL2UUnHPu2wA9lyLJHAHWouGxVVOIaNUugyz23ZGdPcwIs3u/f1PyO5KGQUCBsFR-wB1QU3qBL6rO4WStIdVyzZW5F2o)
81,Lentil Shepherd's Pie,cooking,5,3.0,"Hearty and flavorful pie made with cooked lentils, vegetables, and mashed potatoes, baked until golden brown and bubbly, a delicious vegetarian version of the classic dish.",5,13,IMG_20171010_202849.jpg (https://v5.airtableusercontent.com/v3/u/26/26/1710374400000/WI-M-tOGnEe_nGHvQAy6eg/vUJenFr296D6yhXlblF5pLg2ChwN3jP5kbO1aFzqoIpSby7tM_CQvzHa5DtptyOu0uC5Fqp-ktWkTofmfVZ3tG5o9-_2kdRnIaBQUOFYnROiQi7BzoSpPprNWRiodvL1/zTO1kXuGyqByHrnAGI-V0_gn5eKRjgYZtMJ9t2A-zdo)
82,Honey Lime Chicken,cooking,13,2.0,"Juicy and flavorful chicken breasts marinated in a sweet and tangy honey-lime sauce, grilled to perfection and served with rice and vegetables, a delicious and easy meal for summer.",3,86,IMG_20171011_210405.jpg (https://v5.airtableusercontent.com/v3/u/26/26/1710374400000/O3xVWOUQg6BSQ5IQYByETw/MkijJplQc167RDxM4x_mlykg0THkMjp4kwUyKqN0JWdkU2XqCG_OSAxTNq_vkU_4ervTHqNvCkVC6k6cDGvcWWNv8hlS3pqN5kWDH8Y32wqTfvXd1FoU0RwXrc9blF3i/b81jdHZKQ0yMrLNeXvqfhbpPsAR79opGcWqJhJfjP6I)
83,Lentil Curry,cooking,25,1.0,"Spicy and aromatic curry made with cooked lentils, tomatoes, coconut milk, and Indian spices, a flavorful and satisfying vegetarian meal served with rice or naan.",7,81,Image 05 November 2017 10:19 PM.jpg (https://v5.airtableusercontent.com/v3/u/26/26/1710374400000/h7xiix3zGx0eGvt90-d3jw/zeXcgN2UPsygmPwRisOdM1AdBIGDs8VulJoZt0jviUpseY1Unr0cBoQ5fgbNY-LJSsY6DVfo86QNvoWQBqYEM8gY6sNkWDP89wMlWPPBLEg2uRNLk8IP4-zSBLndgQ-7/JKwO_6U6Y_HIyYDjKVNhNZdIByGdG6_Kl7slZvY3A10)
84,Dutch Oven Bread,pastry making,11,1.0,"Rustic and crusty bread baked in a Dutch oven until golden brown and delicious, a simple and satisfying recipe for homemade bread.",4,42,Image 05 November 2017 10:21 PM.jpg (https://v5.airtableusercontent.com/v3/u/26/26/1710374400000/ywZIU4mmKk6Quk61YTrQWg/kTKex7yjRc1DGzKK40O-dSYe2L83Lp1sxvqRWdOqCxrPTlgVYlACiLoj5SQrgMemSiDUPDUydGGSmbfH3A9PI9IZ4Gc_zT2-SiLGO9d_CAJX1jzW7jEWmkRYxLzZ6bh2/KDdPiL6HczgVdx1qgNi4uhpZP-096YTgHwHzAUkTSyM)
85,Potato Apple Roast,cooking,23,3.0,"Delicious and comforting roast made with tender potatoes, sweet apples, and savory herbs, a flavorful and hearty dish for any occasion.",5,38,IMG_20171030_190727.jpg (https://v5.airtableusercontent.com/v3/u/26/26/1710374400000/RhFUq1tRjEKf7xWXNu_v-Q/F7M5HmjEdPAGk-HfvbT4gsu0_oS2tI4rL5qQTNW24pTbPVZsofS7li5RtYLkZ5MaW2shpNw0C_yFIwlZ6xUg3qPWGdOj7KHL3KWkVK14-t106IgJnRe4_kVmWMHwATfC/DnaE8zyv_a70T7sMMmHiEpXsPA8nbf6Q8vNj7ixqbxg)
86,Baking Powder Biscuits,pastry making,1,1.0,"Light and fluffy biscuits made with flour, baking powder, and butter, perfect for serving with butter and jam for breakfast or alongside soup or stew for dinner.",5,14,IMG_20171025_194215.jpg (https://v5.airtableusercontent.com/v3/u/26/26/1710374400000/GbUcnepigmdai9fHVxxkTQ/ykMpTwDihn03lXez8ZNcjv7PJtrXX3os2FxOiDscvWxiKtXnJX92L0aZOTsRN6umkVFWXbrTu_6ZLiIG5sYjLuAgcUA6nGTuEUQsxKgxwRjaIOFysJee8DxriEohohyc/pFaOqadzk7ObVZQvII_S5Gj8M6bgS36Jk349YS9migM)
87,Sugar Cookies,pastry making,43,2.0,"Classic cookies made with butter, sugar, and vanilla, rolled out and cut into festive shapes before baking until golden brown and delicious, a delightful treat for any occasion.",7,63,IMG_20171018_201605 (1).jpg (https://v5.airtableusercontent.com/v3/u/26/26/1710374400000/qo73Az8oqbaHLNsTU0wEmA/M6sCx9zcCBb7ryddBEomaNqf90KNEbNNXS4guo2WZ553xK0h5Iij_bvUO25O6msg5H6HCyEyAPuKvh6E0sxehC_CYE6E0j_9CXqhdyZeYNBkEFTnpfDGr2U89ZBvn5d5/wusdwf15Vc5L-jYtr0O4K4Ypk6e_0y6B4Iz4-USfegA)
88,Potato Curry,cooking,36,2.0,"Spicy and flavorful curry made with tender potatoes, tomatoes, and Indian spices, a comforting and satisfying vegetarian meal served with rice or naan.",4,100,IMG_20171017_203922.jpg (https://v5.airtableusercontent.com/v3/u/26/26/1710374400000/fHI-03X65gkUQv5T4iPIOw/rGO6DkmRoBkgNCYminxHyAxJFx3DDwVl6QkKwY8vKIm3RlaWBGHoJ-A9ZNbcG7JRF30fIgRxk-TZWrKOpZD8lewH-CE5Ne8VUkMSqFtBqeUY5ps7ihFOAYQ4V_HemDQ9/8p95nOm9atURmY1eY5j0kURSn8ao8gdoOJEXnSMfnLU)
89,Bucatini all'Amatriciana,cooking,7,4.0,"Classic Italian pasta dish made with bucatini noodles, pancetta, onions, tomatoes, and pecorino cheese, a flavorful and satisfying meal for pasta lovers.",2,78,IMG_20171107_194756.jpg (https://v5.airtableusercontent.com/v3/u/26/26/1710374400000/LLVQlqbx3co7cw_zkCIN7g/nMbOUsYAbIX5hdR7qw-FFwAfD0e2WWus0OoTB-SyEXWH-Uoprnd-k4q5pNO24SowcrjIAo_GEbP817764B92BOt77ibpRRCzB_yGzefR1vjpi2Sa6_m2Kqw7NHFr7RNC/UyahVqkKXLrU3oFRcekh_NIu38gTCqbS2D7ruey6RSo)
90,Brioche Chocolate Rolls,pastry making,39,2.0,"Soft and fluffy brioche rolls filled with rich chocolate, perfect for serving as a sweet breakfast treat or indulgent dessert.",7,23,IMG_20171108_194838.jpg (https://v5.airtableusercontent.com/v3/u/26/26/1710374400000/U2m9DGijsZesUh5SFhux4Q/kbNII3OIXDSq0Gu4iosXpgXM0DO_VxuhQkRQ0YzwkMcCFVvaXAvuKwqH5uYTNsYSbTnfTEN83kGcrc2fP85sjFnfF6z7ikNIUDUVodd6_aI6gtx1ifaMBEVXl86hmNmp/qiagAQU2qlCqJUsbSOOuvna3WBXwxMtJ2Bapt0QCUeY)
91,Naan,pastry making,14,2.0,"Soft and chewy Indian flatbread made with flour, yeast, and yogurt, perfect for serving alongside curries or as a base for wraps and sandwiches.",2,94,IMG_20171115_202417.jpg (https://v5.airtableusercontent.com/v3/u/26/26/1710374400000/mE3QOb_GVh57N7TMw6HOKQ/YsVOIxPnUApJmDaBfnVMoA7EAAC1Wcp1FtnzRJrNnG8KVYff6Xa_FOoNjJbqy_xD4a8Ay1v_hfFFnLNEPa0Fsk2m3OlA-ZIhJaHWhiU34iux4IbF1lkD9FyC2NJkNAu7/6yzrq_QkGJT8RUggBydCxb-UGuU0MHJlRl04WMDsolM)
92,Lemon Poppy Seed Scones,pastry making,29,1.0,"Buttery and tender scones made with lemon zest and poppy seeds, perfect for serving with tea or coffee for breakfast or brunch.",5,75,IMG_20171119_085520.jpg (https://v5.airtableusercontent.com/v3/u/26/26/1710374400000/ROu_p694e-vtszggTyKSYA/ku8h1jtxyBYlOm9DiEnGEUmers_5Y4wzJHz4zWSx6s7DqVh2vZC9DavVtXlZa9qtB2Wa-iUiMLnMOPiXgy4frivsKMd1Py4EzTNpQ_t_yau68TWhgHB78TyqNzRr7loO/bigqQo9UT4udcTIaQ9Ziuz12MU8AHpmszZkEcRFSNdg)
93,Balsamic Dijon Root Vegetables,cooking,15,2.0,"Colorful and flavorful roasted root vegetables tossed in a tangy balsamic Dijon vinaigrette, a delicious and nutritious side dish for any meal.",5,59,IMG_20171118_193436.jpg (https://v5.airtableusercontent.com/v3/u/26/26/1710374400000/uou905klCbDcxrndYoXGKQ/oM7ERGZwd_uK_yWKRnbgpmHaOa5-5JrP0QsKWP5HU9i5O1yY1OJnI5BwKfCpTXaq-Uqo_NlHLhTPchL_ORhFfGvKCUATuqjfDawgDvRaiLr9Wv2dZ5eCjswZeExuDZkS/QiRfJ93vL-miZAfdktHm6tjjVlaXVqyKo1Huj50I-eI)
94,Best Baked Chicken Legs,cooking,48,1.0,"Juicy and flavorful chicken legs seasoned with a blend of herbs and spices, baked until crispy and golden brown, a delicious and easy dinner option for any night of the week.",7,32,IMG_20171121_204505.jpg (https://v5.airtableusercontent.com/v3/u/26/26/1710374400000/MOOzPYZVLN6Tba5OYUrC7A/ZscLqPoAEvwPYEfUQIxn3R069ErZ_yYeT1-xMpDFt6Sq1Y03r6bnYnOdvhgx6hTP4R_ZxGCS1HrxuMpLch_3M54W32jPfgfcCV6hblak2bzta3xxMTmeVxMo-Fx-tnXm/vbKMt1giVVaYQ25gcroGi3koWm4r-Zn6DnN6w_MO38c)
95,Spanish Lentil Soup,cooking,30,2.0,"Hearty and flavorful soup made with Spanish pardina lentils, chorizo sausage, and vegetables, a comforting and satisfying meal for any occasion.",8,100,
96,Chocolate Chip Irish Soda Bread,pastry making,34,3.0,"Traditional Irish soda bread studded with chocolate chips, perfect for serving as a sweet breakfast or dessert option alongside a cup of tea or coffee.",5,41,
97,Malteese Gilatti,pastry making,28,3.0,"Traditional Maltese pastries filled with ricotta cheese, chocolate chips, and candied fruit, perfect for serving as a sweet treat or dessert.",7,94,
98,Buckwheat Carrot and Onion,cooking,17,2.0,"Nutritious and flavorful salad made with cooked buckwheat, shredded carrots, and caramelized onions, tossed in a tangy vinaigrette, a delicious and satisfying side dish.",3,70,
99,Sweet Potatoes with Yogurt and Chickpeas,cooking,11,2.0,"Nourishing and flavorful dish made with roasted sweet potatoes, creamy yogurt, and spiced chickpeas, a delicious and satisfying vegetarian meal.",7,88,
100,Spanish Chickpeas,cooking,45,3.0,"Flavorful and aromatic dish made with Spanish chickpeas, tomatoes, onions, and spices, a comforting and nutritious meal served with rice or crusty bread.",4,28,
101,Lemon Fettuchini,cooking,14,2.0,"Delicious pasta dish made with al dente fettuccine noodles tossed in a creamy lemon sauce with garlic, Parmesan cheese, and fresh herbs, a flavorful and satisfying meal.",6,14,
102,Chickpea Masala,cooking,46,2.0,"Spicy and flavorful Indian dish made with chickpeas cooked in a rich tomato-based sauce with onions, garlic, ginger, and aromatic spices, a satisfying vegetarian meal served with rice or naan.",5,70,IMG_20180326_175645649.jpg (https://v5.airtableusercontent.com/v3/u/26/26/1710374400000/hGbjItiJiOxvgT1w1ytmhg/Iq_h0ImdDBvRPWkpZBy6H97oZ962SocuuyYJ3_P6Zv8yZIIWLFc9lCQW-Ksc5HFIKSz0bTtLLg8ieiorlqo5cDpbqHxUG_ZZieiLtLoXNWGIUuLGQWCokHOU1nyFn2IM/G2c_uh8QRK6KIpsiqrNLOLmU0vq--eUjf9kQy2E5zhE)
103,Chickpea Broccoli Pesto,cooking,28,1.0,"Healthy and flavorful dish made with cooked chickpeas, roasted broccoli, and creamy pesto sauce, a delicious and satisfying vegetarian meal.",3,13,
104,Thai Veggie Soup,cooking,26,3.0,"Hearty and flavorful soup made with Thai-inspired flavors like coconut milk, curry paste, and lemongrass, packed with vegetables and tofu for a delicious and satisfying meal.",4,35,IMG_20180327_174117059.jpg (https://v5.airtableusercontent.com/v3/u/26/26/1710374400000/85ebVZWB9KKGGq4-jMLhyA/__nw6-LQaL5QyRpgijsWlurBA-1kDkLpsrPoXXnEBB9WLKe8layGwJZMq5rT4EVZbjWTaDM7euIcYB6w6D-aNIzIg8QcV9TZYlhiHxBE-kkHEnunqfNXRfO0kurEwkoL/rkhrVPVQQ9ajy4WfuvQ7F8n87p4hE8NgbS7Csm2EAHw)
105,Buttery Herb Chicken,cooking,35,2.0,"Juicy and flavorful chicken breasts seasoned with a blend of butter, garlic, and fresh herbs, pan-seared to perfection and served with roasted vegetables, a delicious and easy dinner option.",4,5,IMG_20180401_180911317_HDR.jpg (https://v5.airtableusercontent.com/v3/u/26/26/1710374400000/NIB5sHw1vTDDJKPY8xCz-Q/aQ3aJMeRvIvIGOwzcwKTLgT-NVoUrSYtbqlhIe3R9sGknyOXSUr2YaGQYnLr1xYPdgTUkITWSd8XCDJ9NoXCxhvNnPFUlakRPgJjdc6zfSTrfaInyWnc9hHEDpAT1ylf/3v7zTwmM8iRwW2Rouaomy7bE7rIYd6RL5nBvsyHexQ4)
106,Rosemary Parsnips,cooking,17,1.0,"Tender and flavorful parsnips roasted with olive oil, garlic, and fresh rosemary, a delicious and aromatic side dish for any meal.",4,76,IMG_20180401_180921951_HDR.jpg (https://v5.airtableusercontent.com/v3/u/26/26/1710374400000/BqyMQqXFTHUe6D0AMVfLmQ/t0UapJdzolV-sn79t3ia9wvCOQC36RFvwPjeGz7zqEiDzhcOaj3QMxsSvzsUfIN2LIzMPHga5aMRuwNWYftWEnMsx4foNRhOWBKueTjVeVlPOs3qYFaEfgo4_2zW089G/YIHPkj9UdNIzZmYnpj0gamPlSaPXAGRNifHhvEZJsCM)
107,Balsamic Potatoes and Asparagus,cooking,2,1.0,"Delicious and nutritious side dish made with roasted potatoes and asparagus tossed in a tangy balsamic glaze, a flavorful addition to any meal.",4,98,
108,Quinoa Brussels Sweet Potato Salad,cooking,22,3.0,"Nutritious and flavorful salad made with cooked quinoa, roasted Brussels sprouts and sweet potatoes, dried cranberries, and toasted pecans, tossed in a tangy vinaigrette.",5,12,
109,Thai Peanut Cabbage Quinoa,cooking,40,2.0,"Hearty and flavorful salad made with cooked quinoa, shredded cabbage, carrots, and red bell pepper, tossed in a creamy Thai-inspired peanut sauce, a delicious and satisfying vegetarian meal.",2,49,IMG_20180430_173418382_HDR.jpg (https://v5.airtableusercontent.com/v3/u/26/26/1710374400000/Wuy-b5kbzSODeXUlH1Sm9Q/BAdvbVHGBK8wpgdlEHedWz0OeBb4tbIlP0uEHwYJY1ciPW_pdzWg41C5fk1jDxqjV6WKje_GaMF-fm6LshAUSsyk3_9Ud2639PgAf-utIBHScaYyXUhlCAbXTRn_XHGc/hx1iblJBWJk78ZdZ2RCc2t8S2PUlJs_0eCDaYCELoxo)
110,Lemon Garlic Asparagus with Orzo,cooking,19,3.0,"Light and flavorful dish made with tender asparagus spears sautéed with garlic and lemon zest, tossed with cooked orzo pasta and fresh herbs, a delicious and nutritious meal.",5,71,
111,Moroccan Sweet Potato Lentil Stew,cooking,47,3.0,"Hearty and flavorful stew made with tender sweet potatoes, lentils, and aromatic Moroccan spices, a comforting and satisfying vegetarian meal served with crusty bread or couscous.",7,27,IMG_20180416_180744528.jpg (https://v5.airtableusercontent.com/v3/u/26/26/1710374400000/-BPvKGZ03cfTdFjrVxJ2Ww/bYU8uG5Y_Kb4mU8D8RpWGW4urSH5TjTKuYfA1fM8LWkyKgBOYX4l4MBOHtTQuHzbPEznGXwA6gh_8KsDhdFw-tcr7-OAYwpoQvzphlc2bri3Yv96obDdLp2d2Env6aYp/FcB9d40feO2ltKquNlgb2HzW_Y7_3Mp6IXQWta4EF34)
112,Chia Crusted Salmon,cooking,5,2.0,"Delicious and nutritious salmon fillets coated in a crunchy chia seed crust, baked until crispy and golden brown, a flavorful and healthy meal option.",2,26,IMG_20180406_181053651.jpg (https://v5.airtableusercontent.com/v3/u/26/26/1710374400000/jH0X1_pdx6mVJKKKrQAWGA/QpFDO6Yho6MxDy32vvuzO-gGwEQjtJigo3MRrTanxym6SDUUVo5r1vIlSrVv9HbgMG7nBRamAmigSrE156IsGh0y-ibdQm28sfFG10HjAMuWC0vHy88XXlPqHTWzgMxo/jhoJKq-sAfQj_zOJnbqSd6EXKAt7cF8I9aPGL2m2fF0)
113,Pinto Beans and Tomatillo Cilantro Lime Rice,cooking,43,4.0,"Flavorful and satisfying dish made with cooked pinto beans, tomatillo cilantro lime rice, and fresh toppings like avocado, salsa, and sour cream, a delicious and nutritious vegetarian meal.",7,37,IMG_20180418_174202925.jpg (https://v5.airtableusercontent.com/v3/u/26/26/1710374400000/okj5ErkU3CGK93CxryimHQ/5y8-bW0r-JAqM_FJ2x67e7Umvj3xmRPj2RbduMxy38UF5dGR7TccRDzHO-MvdzVKWMb63TbUWrEQ7KmYAxjpRN5fjuekMEi8Vt87ZsM_l_FcBMlCHPqwD_DzaEbvsqA4/LcgJAuOPLkehjOQvsBayKdy38ihW2_yAszpxYB0wc7U)
114,Thai Squash Soup,cooking,27,3.0,"Velvety and aromatic soup made with roasted butternut squash, coconut milk, Thai curry paste, and aromatic spices, a comforting and flavorful meal for chilly days.",7,55,IMG_20180424_190711006_HDR.jpg (https://v5.airtableusercontent.com/v3/u/26/26/1710374400000/cO4oL1OkfuJI_EWypMXxLA/47aXLT2gOJXQjmcaG0TTgQhT5eMepucgwYKj3uZQVI8YD_MiOm7lVs7p4O8hi1qsJgx8WQjRZ2NLjfXeYtbELWMPD6vtzHvef5kUopF_l85EDxI5l-SgWrF6z0iwtKyy/tDiPL7H5ajdfnBsghLHXo-h40BDO7zaTuI-xdtiBNG4)
115,Roasted Carrot & Peanut Sauce,cooking,13,3.0,"Colorful and flavorful dish made with roasted carrots, creamy peanut sauce, and fresh herbs, a delicious and nutritious vegetarian meal served over rice or noodles.",6,85,IMG_20180426_174238611_HDR.jpg (https://v5.airtableusercontent.com/v3/u/26/26/1710374400000/vTSHPTXoS9KOybbltnQdZQ/l5B_e7fiwYUubuvi4lBbYYuXJb17QRTzV4ie0GPz6uRZnXod8zV_2p0aGTP5eW7j-f7MKgqYwnm58am661s6KLzzF94778edpEqA9XgPFjQ73YSqSbWJV4CqqSVJHr8M/L5S_jvDHIjiTAjXC0ORWP2j-Ifgby1Y0fH_RaynMqTM)
116,Majoram White Wine Chicken,cooking,18,3.0,"Tender and flavorful chicken breasts cooked in a creamy white wine sauce with fresh marjoram and garlic, a delicious and elegant meal for any occasion.",8,32,IMG_20180609_195012555_HDR.jpg (https://v5.airtableusercontent.com/v3/u/26/26/1710374400000/FkFaJ23Q6m-d8N-2_WgOqQ/HAxuo5MHoiUpdSzZzjrX5ps6lco1AP-F_I_XYoaMiiY6GsaSduhp19t0ieB9wXJReLRp5FpMOz-Vj_-VA2tbvlQP51JjQbAXUYFbdn5vEsADWPkpqgE_8zsfeljJiKFL/giqSAohps0K_tA_2dxdP5e8by4xJXL6L5RUXifYAkNs)
117,Marjoram Carrots,cooking,44,2.0,"Sweet and savory side dish made with tender roasted carrots seasoned with fresh marjoram, garlic, and olive oil, a delicious and aromatic addition to any meal.",2,40,IMG_20180609_195018909_HDR.jpg (https://v5.airtableusercontent.com/v3/u/26/26/1710374400000/3xfzttGX_qEV4LK1Rhcd0g/BMoZHNfpdvRaQgWw9lHEeUpLX1nNHkCnqPG8uADUro1q2UUYZpKCGr8qXGkkO9rwHGREyTBaXphJH8Ix48MdWCH-CsCgBmFZIm18leeMfU3s2LzK8n-95te0FJiXWBLt/9Z8IPbH7PyP071w_2mDe5DJklD_-cM4kDjKfuTEo_7s)
118,Soy Mustard Salmon,cooking,38,2.0,"Flavorful and nutritious salmon fillets marinated in a tangy soy mustard sauce, grilled or baked to perfection and served with steamed vegetables, a delicious and healthy meal option.",6,99,IMG_20180616_181210927_HDR.jpg (https://v5.airtableusercontent.com/v3/u/26/26/1710374400000/Uxix0TlCcU52voVAE_v02w/JBahm_bMsytyyL-V3fmp_2j_2a8rt27hU8ExOFDAnfiWpJg4croywguN5cKt32N9aU52uA89xIte31Fw6aI8FctLAu-9R3V-H2MbhADqY34jsdFhuTJRmG8WhC5d5Izm/leinkIhU-K2PTKlUHG0CF87jfp6qzLq3dkIfIP1MU74)
119,Chive Butter Radishes,cooking,36,,"Crisp and flavorful radishes tossed in melted chive butter and roasted until tender and caramelized, a delicious and unique side dish for any meal.",5,95,
120,Mango Chutney,cooking,1,3.0,"Sweet and tangy condiment made with ripe mangoes, onions, vinegar, and spices, a delicious accompaniment to curries, grilled meats, and sandwiches.",6,9,IMG_20180617_185026265_HDR.jpg (https://v5.airtableusercontent.com/v3/u/26/26/1710374400000/R4jx9G9dGnb_4Z4tXSvt_w/52pC0Mysx_uE_MQUm51YtAkZdXeBJKZGe0hijkJTijnBIiNt8CWQ58ds0J3ObD4Ipv9oPP6vJnhs01Gk64ebrPeDzWjOMCJEKXC6ZcQyJnsQv4F3mPMxlGwiSMBQDqt1/SJJ-Azm8eTBJbdzy5-aMmWn1iCLOxbz5c7aCFxtWg6I)
121,Vegetarian Chili,cooking,14,,"Hearty and flavorful chili made with beans, vegetables, and spices, simmered until thick and flavorful, a comforting and satisfying meal for any occasion.",5,93,
122,Sweet Potato Breakfast Burritos,cooking,2,,"Hearty and satisfying breakfast burritos made with scrambled eggs, roasted sweet potatoes, black beans, and cheese, wrapped in warm tortillas and served with salsa.",5,17,
123,Roasted Sweet Potato Lentil Salad,cooking,40,2.0,"Nutritious and flavorful salad made with roasted sweet potatoes, cooked lentils, baby spinach, and a tangy balsamic vinaigrette, a delicious and satisfying vegetarian meal.",6,47,Image 07 July 2018 02:45 PM.jpg (https://v5.airtableusercontent.com/v3/u/26/26/1710374400000/EbOJJq-VS9I5y0nMym1Ptg/DU5A6vuMXk3TGdAGpuUg0cAZ-A8x1OIPJ1Jc9LmKJ3W15NCPD9XHMmDbXE6vpkJNWnXOfq81Owh6rde-8V9qUb2baYk5jZSoJmk8FhgnsDn5AowfobvzwkTtOS7NWfpa/ADAU0G-RMlA85dT7QjnodOweMVzbuRUx8Ich2P1dClc)
124,Cornbread,cooking,22,2.0,"Moist and flavorful cornbread made with cornmeal, flour, buttermilk, and honey, baked until golden brown and served with butter, a classic Southern side dish.",3,97,Image 15 July 2018 05:04 PM.jpg (https://v5.airtableusercontent.com/v3/u/26/26/1710374400000/lViARZwjPOX-vtck9gVtOQ/c_kDRw5FgplPLAydg65EjO5yMz1Ogsw6qs9bhu7_xx-RntPwdbYJBF_WR0lEHvlnLfRqzDVuDr2iuZTyUfrEUo9b-apJ2-SQAs6hzTztZ7ebfh6ArJvFO3AYb5ZI-Cb9/4k5MlhVL3mQkI7MKHjTf4noqXjUbgyOoU2fn0N4pcfE)
125,Brussel Honey Lentil Quinoa,cooking,47,2.0,"Nutritious and flavorful salad made with cooked lentils and quinoa, shredded Brussels sprouts, dried cranberries, and toasted almonds, tossed in a sweet honey mustard vinaigrette.",4,49,Image 17 July 2018 05:44 PM.jpg (https://v5.airtableusercontent.com/v3/u/26/26/1710374400000/U9A76ZOXehx5hhwjxDS1tg/00J65OadtjJcfXUrhC-fn-wBq0IT8joza3c13Y6s9MVM4dy-CpMHVp88nmKCEqubO3Ee76MAUEX6XKgBKv7oqrpUhLJKO3Aswxyxy1K9irOsZmrSNWlmrjnTJR6k0n7G/m9-yJGyEaeV_cw4wCKBlmpv8QYby60fV6e-n7TRj08U)
126,Lentil Sweet Potato Curry,cooking,50,3.0,"Hearty and flavorful curry made with cooked lentils, sweet potatoes, and aromatic Indian spices, a satisfying and nutritious vegetarian meal served with rice or naan.",6,59,Image 30 July 2018 07:44 PM.jpg (https://v5.airtableusercontent.com/v3/u/26/26/1710374400000/fmuArLEKif2QFG9PGXEdCQ/MCkVKdV8nhLdzw96IpPpZb-p4_6LI-LckRuZnVjvVAvXjSSTpdih9BKq23YXy6lGEg72bWVFQtzr8GnLoZQi4ykiodMdlsj_B58TvZnwL0EbwwtWrQfY7ydeezrjrevE/mFeXTCIB7H7kL5PPZ6vIrE7gPt8-CVxVFMhwyB7deMg)
127,Gnocci and white beans,cooking,8,3.0,"Comforting pasta dish made with pillowy gnocchi, tender white beans, and spinach, tossed in a creamy Parmesan sauce, a delicious and satisfying dinner option.",6,77,
128,Pad Thai,cooking,31,2.0,"Classic Thai noodle dish made with stir-fried rice noodles, tofu, eggs, and vegetables, flavored with a tangy tamarind sauce and garnished with peanuts and fresh herbs, a flavorful and satisfying meal.",4,92,
129,Kung Pao Chicken,cooking,13,2.0,"Spicy and flavorful Chinese dish made with tender chicken, peanuts, vegetables, and chili peppers, stir-fried in a savory sauce, a delicious and satisfying meal for any occasion.",5,45,IMG_20180825_175504336_HDR.jpg (https://v5.airtableusercontent.com/v3/u/26/26/1710374400000/gB2hM-VQnpi7inDObKxnWw/vQ_NgrKTKEh7dLltltNO00YR5ySycDxL6sRub8ciMQGEzKP87SK-hsDRPhucEZS2REWVP5s7qkUNF3YQR8kL46VCVTN1vOITi7BbgWieXY7d6DLoKOSGgpoWMSQonbel/fCHT2awG5JxW-uPFCgtwBhNHcDLjhBiyVH8eH2zbYPc)
130,Mediterranean Tuna Steaks,cooking,12,2.0,"Flavorful and nutritious tuna steaks marinated in a blend of Mediterranean spices, grilled until tender and served with a tangy lemon-herb sauce, a delicious and healthy meal option.",3,52,IMG_20180914_181912580_HDR.jpg (https://v5.airtableusercontent.com/v3/u/26/26/1710374400000/yut0XHa87AVke3W2rSOmcw/FQFcJ32uKFO4MhHFpQQkxMoSAuvOl4yQypZ6n4l7vLc3WIpjX39pdZV_buSeCuwskv3oc0r6UcVQnfSwTLLb19etzhFSL5anwqUW8y7BkjbGPyDm8eLC0vCk3TG2RA9n/c_AiE4s1mXozFgJzpv1bTVImNLlRK-l7K3g0oVRAVCk)
131,Spicy Black Bean Nachos,cooking,3,,"Hearty and flavorful nachos made with crispy tortilla chips, spicy black beans, melted cheese, and fresh toppings like salsa, avocado, and cilantro, a delicious and satisfying snack or appetizer.",2,93,
132,Tomato Basil Soup,cooking,30,3.0,"Classic soup made with ripe tomatoes, fresh basil, onions, and garlic, simmered until thick and flavorful, a comforting and delicious meal served with crusty bread or grilled cheese sandwiches.",4,71,IMG_20180916_182754746.jpg (https://v5.airtableusercontent.com/v3/u/26/26/1710374400000/pCYDZuDO0dyJIpqW63lj0A/7YNEoKCoRYTqZgSjV_OehElJHQSlJOqb-bW16BLq0NJXqBPT4HpFBR2VcpTGOj66GvB67c2kmhzGk52SZqbxZ8tCAmjgWwEoNabRc5nACuhQdrMfbOsOQ0eFZwWCklDK/JafF3_7moCOp7fjEfVyBMoasQV-6Prb5ll4nQM4xWmA)
133,Chewy Chocolate Chip COokies,pastry making,1,2.0,No description available,6,61,IMG_20180804_143434172_HDR.jpg (https://v5.airtableusercontent.com/v3/u/26/26/1710374400000/iGfu5SjDkfQo2I624pGXoA/YHD2BaEJ1daQnVDSNFqO7mSxqW8cUsT_aGkCSfxT9xf95sQzcUI_BUBH0uh8MGGkNxFCR3SLq4h_4EJ1DfF2_fIu5gpUj36VyTBF0q10hXJc2SfsTm6ZNDfgp14_UX9g/msq9bXzo6_mHemjq8fXkqyNSlDI1gvtq61RsbLeQl0M)
134,Quinoa Peanut Kale Curry,cooking,32,3.0,"Flavorful and nutritious curry made with cooked quinoa, tender kale, chickpeas, and peanuts, simmered in a creamy coconut milk sauce with Indian spices, a satisfying and delicious vegetarian meal.",6,4,IMG_20180823_204308156_HDR.jpg (https://v5.airtableusercontent.com/v3/u/26/26/1710374400000/fxvz6lpMrpgfZ0nPQ0FRvg/s5900CMbyTXn-4Nj3XBIFugyHt90yattIW0YlqQKUOqmj3McQuJY0zSbuSHnVZp_5SXBESz7UuYptHoojYqWGk5iQ7UZj0n5gTi0HUU-hNQ1fZ0ZnAU9vAo64Jr6yjoo/VNUlKcFi3bvkK8iFHaAO-BcJmA-S2KCgqxpDetwrojk)
135,Sweet Potato Lentil Curry with Pickled Onion,cooking,48,3.0,"Hearty and flavorful curry made with tender sweet potatoes, cooked lentils, and aromatic Indian spices, served with tangy pickled onions and fresh cilantro, a delicious and satisfying vegetarian meal.",8,8,"IMG_20180813_172915204_HDR.jpg (https://v5.airtableusercontent.com/v3/u/26/26/1710374400000/OtIj1vLOp8Mr35tQjL-ZcQ/fOU2Jx9Vvx0R_0zQ5Z2IcZEIyXQXbkEy2WWpyv_NVATBydyd23vK49247TP4kTH9eI9cAedp9RdxvtKfYOKs1gR0suPCP7ZORom4sGqNpIzg5j2ZjL5truWnd1ocPiTJ/7xg7Y1IWNepBY7fUmqnap3Ha2aku4mAiU9e3pwB9txo),IMG_20180813_172921095_HDR.jpg (https://v5.airtableusercontent.com/v3/u/26/26/1710374400000/0jrl-WQ0s4WCFt3L7nxmuA/j36WLmBHzFNuIFRtW4qiov8zyjtrRlo_u9x5TQkiy1-JTdXLlXhO1vdM2QgZ8g4Lmg8F6OmUzi4KCVkNlybTa0TpikYIOERCrhD94AObikIuR8sTAFSURK4vf_ZENAhF/JmOyjNXngHGv2AtJc6m890iFB-01thzdME98hzh2nvY)"
136,Sardine Mediterranean Pasta,cooking,18,2.0,"Mediterranean-inspired pasta dish featuring savory sardines, olives, tomatoes, and capers in a flavorful herb-infused sauce.",4,20,IMG_20180814_172611816_HDR.jpg (https://v5.airtableusercontent.com/v3/u/26/26/1710374400000/-lh5WIZeJEWw0UKrHyAQCg/g5DKUzcyyaOUGOC3EHIcK7rZ3agO9jIabL7JuRhI1Op6yKm-sp3VI3WFN6gXXqGBd0tosDpIv7YRph50M-8ZR9zZj9FJ33lUd0DbHZwSMZBXIYNnlz49alKPIlVWtfki/X5pkScPT3_JZzaFkyFXnPhOJ4huP4mGgQRReMfi0UyU)
137,Prosciutto apple flatbread pizza,cooking,4,2.0,"Delicious flatbread pizza topped with thinly sliced prosciutto, sweet apple slices, tangy goat cheese, and a drizzle of balsamic glaze for a delightful flavor combination.",3,64,
138,Dill Cucumber Salmon,cooking,10,3.0,"Elegant dish showcasing tender salmon fillets seasoned with fresh dill and served with refreshing cucumber slices, offering a light and flavorful meal.",5,54,Image 23 September 2018 09:05 AM.jpg (https://v5.airtableusercontent.com/v3/u/26/26/1710374400000/UcSI-7t-QJTmIJXw2KgNQg/qlUtcnP8u4xdTKqP8TyDV6CNpRvyxaWX1tkgfTRzig3Ep-fCPwurGRUJZst-hM-HzhxpC66HrvQgSc9ugasMlsPnAKcUlStcGJD6-k7tKL5bAcrwGmBAyJKytwccnuCH/Jrzieh1h2junjZFrtqDY-76BYmMiifWF2e-Iqqr65W0)
139,Vegetable Couscous,cooking,22,,"Healthy and vibrant couscous dish loaded with a colorful array of vegetables, herbs, and spices, providing a nutritious and satisfying meal.",4,19,
140,Talapia Tacos,cooking,6,2.0,"Tasty tacos filled with tender tilapia fish fillets seasoned with zesty spices, topped with crunchy cabbage slaw and creamy avocado for a delightful Tex-Mex experience.",2,42,
141,Roasted Mackerel,cooking,20,,"Simple and flavorful mackerel dish roasted to perfection with a blend of aromatic herbs and citrus, offering a deliciously light and nutritious meal.",5,12,
142,Lentil Salsa Soup,cooking,11,,"Hearty soup featuring protein-rich lentils simmered with vibrant salsa and aromatic spices, creating a comforting and flavorful dish perfect for chilly days.",5,5,
143,Pesto Tomato Penne,cooking,25,1.0,"Satisfying pasta dish tossed in fragrant pesto sauce made with fresh basil, garlic, and pine nuts, complemented by juicy cherry tomatoes for a burst of flavor.",5,28,
144,Black Bean Soup,cooking,37,2.0,"Rich and comforting soup made with hearty black beans, aromatic spices, and flavorful vegetables, offering a nourishing and satisfying meal option.",5,73,
145,Balsamic Pork Chops,cooking,34,,"Tender pork chops marinated in a tangy balsamic glaze, then grilled to perfection, resulting in succulent and flavorful meat that pairs perfectly with your favorite side dishes.",5,56,
