round_id,round_year,round_number,round_img
1,2010,1,https://placekitten.com/193/659
2,2010,2,https://dummyimage.com/106x968
3,2010,3,https://dummyimage.com/883x800
4,2010,4,https://dummyimage.com/623x615
5,2010,5,https://placekitten.com/238/209
6,2010,6,https://picsum.photos/501/110
7,2010,7,https://picsum.photos/86/287
8,2010,8,https://dummyimage.com/312x577
9,2010,9,https://placekitten.com/309/381
10,2010,10,https://placekitten.com/371/64
11,2011,1,https://dummyimage.com/833x772
12,2011,2,https://picsum.photos/499/713
13,2011,3,https://picsum.photos/83/194
14,2011,4,https://dummyimage.com/21x219
15,2011,5,https://placekitten.com/651/835
16,2011,6,https://picsum.photos/383/962
17,2011,7,https://dummyimage.com/298x241
18,2011,8,https://picsum.photos/96/716
19,2011,9,https://placekitten.com/18/775
20,2011,10,https://picsum.photos/246/736
21,2012,1,https://picsum.photos/25/233
22,2012,2,https://placekitten.com/19/400
23,2012,3,https://placekitten.com/960/286
24,2012,4,https://picsum.photos/35/187
25,2012,5,https://placekitten.com/182/974
26,2012,6,https://picsum.photos/1024/649
27,2012,7,https://placekitten.com/503/295
28,2012,8,https://dummyimage.com/413x71
29,2012,9,https://placekitten.com/840/346
30,2012,10,https://placekitten.com/980/981
31,2013,1,https://picsum.photos/138/94
32,2013,2,https://picsum.photos/693/694
33,2013,3,https://dummyimage.com/294x788
34,2013,4,https://placekitten.com/954/801
35,2013,5,https://dummyimage.com/413x227
36,2013,6,https://dummyimage.com/105x715
37,2013,7,https://picsum.photos/526/405
38,2013,8,https://dummyimage.com/924x186
39,2013,9,https://dummyimage.com/345x956
40,2013,10,https://placekitten.com/168/205
41,2014,1,https://dummyimage.com/977x121
42,2014,2,https://picsum.photos/790/497
43,2014,3,https://picsum.photos/1006/625
44,2014,4,https://dummyimage.com/1005x233
45,2014,5,https://placekitten.com/149/229
46,2014,6,https://dummyimage.com/973x472
47,2014,7,https://dummyimage.com/638x201
48,2014,8,https://dummyimage.com/382x540
49,2014,9,https://placekitten.com/647/245
50,2014,10,https://placekitten.com/611/589
51,2015,1,https://picsum.photos/680/14
52,2015,2,https://placekitten.com/278/154
53,2015,3,https://dummyimage.com/523x342
54,2015,4,https://placekitten.com/342/645
55,2015,5,https://picsum.photos/264/117
56,2015,6,https://placekitten.com/833/533
57,2015,7,https://placekitten.com/991/791
58,2015,8,https://placekitten.com/292/962
59,2015,9,https://placekitten.com/454/693
60,2015,10,https://placekitten.com/624/650
61,2016,1,https://placekitten.com/333/401
62,2016,2,https://placekitten.com/245/932
63,2016,3,https://dummyimage.com/1001x280
64,2016,4,https://picsum.photos/632/960
65,2016,5,https://dummyimage.com/200x595
66,2016,6,https://placekitten.com/536/362
67,2016,7,https://picsum.photos/40/869
68,2016,8,https://placekitten.com/433/42
69,2016,9,https://picsum.photos/69/581
70,2016,10,https://dummyimage.com/976x919
71,2017,1,https://dummyimage.com/103x539
72,2017,2,https://picsum.photos/136/34
73,2017,3,https://placekitten.com/777/273
74,2017,4,https://placekitten.com/128/489
75,2017,5,https://placekitten.com/240/384
76,2017,6,https://dummyimage.com/770x261
77,2017,7,https://picsum.photos/508/270
78,2017,8,https://picsum.photos/225/249
79,2017,9,https://placekitten.com/1006/630
80,2017,10,https://dummyimage.com/1021x93
81,2018,1,https://placekitten.com/761/453
82,2018,2,https://dummyimage.com/171x398
83,2018,3,https://dummyimage.com/319x751
84,2018,4,https://picsum.photos/493/819
85,2018,5,https://placekitten.com/770/648
86,2018,6,https://dummyimage.com/652x76
87,2018,7,https://picsum.photos/625/497
88,2018,8,https://dummyimage.com/388x493
89,2018,9,https://dummyimage.com/698x838
90,2018,10,https://dummyimage.com/607x397
91,2019,1,https://placekitten.com/470/755
92,2019,2,https://dummyimage.com/641x51
93,2019,3,https://picsum.photos/245/921
94,2019,4,https://placekitten.com/901/650
95,2019,5,https://dummyimage.com/308x664
96,2019,6,https://placekitten.com/163/700
97,2019,7,https://picsum.photos/692/464
98,2019,8,https://placekitten.com/696/82
99,2019,9,https://dummyimage.com/15x924
100,2019,10,https://picsum.photos/880/80
101,2020,1,https://placekitten.com/405/151
102,2020,2,https://dummyimage.com/251x547
103,2020,3,https://placekitten.com/688/633
104,2020,4,https://placekitten.com/399/675
105,2020,5,https://placekitten.com/327/396
106,2020,6,https://picsum.photos/176/860
107,2020,7,https://placekitten.com/121/209
108,2020,8,https://dummyimage.com/814x73
109,2020,9,https://placekitten.com/509/1012
110,2020,10,https://dummyimage.com/94x935
111,2021,1,https://placekitten.com/716/819
112,2021,2,https://dummyimage.com/589x149
113,2021,3,https://picsum.photos/210/994
114,2021,4,https://placekitten.com/24/119
115,2021,5,https://picsum.photos/105/553
116,2021,6,https://placekitten.com/12/350
117,2021,7,https://picsum.photos/761/528
118,2021,8,https://dummyimage.com/42x191
119,2021,9,https://placekitten.com/989/297
120,2021,10,https://placekitten.com/896/445
121,2022,1,https://dummyimage.com/936x993
122,2022,2,https://placekitten.com/219/958
123,2022,3,https://placekitten.com/1011/431
124,2022,4,https://placekitten.com/1004/164
125,2022,5,https://picsum.photos/509/1021
126,2022,6,https://dummyimage.com/15x903
127,2022,7,https://dummyimage.com/588x146
128,2022,8,https://picsum.photos/634/561
129,2022,9,https://dummyimage.com/588x481
130,2022,10,https://picsum.photos/697/173
131,2023,1,https://dummyimage.com/502x139
132,2023,2,https://dummyimage.com/11x796
133,2023,3,https://dummyimage.com/461x465
134,2023,4,https://picsum.photos/193/265
135,2023,5,https://picsum.photos/460/354
136,2023,6,https://placekitten.com/922/564
137,2023,7,https://picsum.photos/442/652
138,2023,8,https://picsum.photos/671/843
139,2023,9,https://placekitten.com/93/29
140,2023,10,https://picsum.photos/888/806
