1,Kelly,Simpson,+1-649-733-5896,1971-11-13,59,6,sous-chef,https://picsum.photos/741/76,ehayden,&wz7EFtB2*
2,Donna,Pratt,617-728-5473,1997-12-17,48,7,first cook,https://picsum.photos/706/572,fergusonamy,mrT2XQ0F_4
3,Elizabeth,Kim,923.752.1870x0766,1991-12-21,29,6,second cook,https://picsum.photos/457/13,williamsjoshua,#ncT$6Ow^n
4,Christopher,Williams,6555824646,1969-11-21,48,8,second cook,https://dummyimage.com/699x541,vbenson,LM1Pl67y(1
5,Chad,Vaughan,(920)588-5890x366,1977-12-08,39,8,third cook,https://dummyimage.com/590x790,vbyrd,*fymlRR!n8
6,Alicia,Zuniga,558.616.8035,1998-05-25,60,5,second cook,https://dummyimage.com/609x141,kaylafrancis,k9AL3K&5+O
7,Michael,Huber,+1-978-650-3011x04610,1963-03-21,31,6,sous-chef,https://picsum.photos/961/456,dtucker,M8WpSnnw@(
8,Heather,Parker,378-364-6513x804,1993-06-06,37,10,sous-chef,https://dummyimage.com/974x91,swalker,uF1kI7Pei@
9,Traci,Olson,001-955-640-4814x81532,1964-05-17,42,7,first cook,https://placekitten.com/29/215,johnsonfrank,(f5GAwb4Lt
10,Gail,Williams,541-584-9200,1967-07-29,56,4,second cook,https://dummyimage.com/127x29,erin80,&f1VJCrqQp
11,Emma,Coleman,(207)598-7341,1971-07-13,40,9,first cook,https://dummyimage.com/141x966,erica29,@5x*)^LriJ
12,Keith,Guerrero,(844)900-0442x9439,1994-07-10,36,9,third cook,https://placekitten.com/381/308,courtneycharles,j6jUeFDx0^
13,James,Bird,001-720-860-9643x976,1992-07-14,37,8,first cook,https://placekitten.com/367/626,stevedavis,9w0oRhLv*V
14,Michael,Vaughn,+1-872-552-0633x090,1986-05-16,34,6,first cook,https://dummyimage.com/169x50,ashley21,t293UdVz#b
15,Joshua,Randall,829.691.7248x362,1990-10-01,50,8,sous-chef,https://dummyimage.com/790x996,ijimenez,*1XFMbd@1H
16,Matthew,Jordan,+1-661-213-7752,1969-02-09,26,8,sous-chef,https://dummyimage.com/211x548,greergarrett,SMNTnstc_0
17,Carrie,Brock,+1-911-503-1608x19211,1981-03-31,43,2,chef,https://picsum.photos/915/101,davidrussell,Tya#NPYy!7
18,Seth,Evans,001-717-931-2144x2868,1965-07-22,33,10,first cook,https://placekitten.com/53/572,rharrington,P!2ImfPi%k
19,Emily,Kerr,(983)721-2849x005,1996-07-15,54,6,third cook,https://dummyimage.com/200x223,annecarter,P^9e1wP5Yc
20,Jeffrey,Mills,366-330-6133x96737,1982-10-11,30,3,first cook,https://placekitten.com/914/253,mendezlisa,3_WwY5Dj1t
21,Bernard,Jackson,3092775241,1998-12-28,53,6,third cook,https://picsum.photos/23/96,yevans,y(^3llA#Re
22,Jocelyn,Moreno,(813)943-3028,1995-03-12,26,2,chef,https://placekitten.com/314/913,davismarc,FCk*0fYmrz
23,Brandon,Flores,(968)978-1852,1975-10-06,59,6,sous-chef,https://picsum.photos/313/744,richardwatkins,l8dJyRcb%Q
24,Claudia,Cooper,+1-869-586-3721x48555,1967-07-06,52,8,chef,https://picsum.photos/510/587,karenhubbard,YxqMwdo&@9
25,Frances,Flynn,652.232.2089,1993-03-25,40,5,third cook,https://dummyimage.com/473x91,rrodriguez,WOld3YJo#h
26,Lauren,Taylor,811-781-7238,1989-11-19,52,5,first cook,https://placekitten.com/300/530,pwright,s_Z0Idr+5S
27,Matthew,Hart,345.234.4342,1972-10-05,26,2,sous-chef,https://dummyimage.com/597x209,burnstamara,%ZQz0xSfi9
28,Jennifer,Miller,644-541-5793x7949,1991-05-07,58,10,chef,https://placekitten.com/942/551,gschneider,$%hV2$ng8N
29,Charles,Moore,(731)400-3545x778,1969-01-27,57,3,chef,https://dummyimage.com/616x22,pfields,(1os#K0aQS
30,Ashley,Robbins,+1-268-925-8259x391,1966-11-20,36,2,sous-chef,https://dummyimage.com/569x609,kochmonique,^70OG6LqsF
31,Ronald,Martinez,(456)650-6537,1978-07-04,54,2,third cook,https://picsum.photos/463/514,tracy14,$%7jDRWws7
32,Allen,Allen,001-800-929-7999x069,1964-01-28,54,10,third cook,https://dummyimage.com/858x417,sean87,S9LGwDJ2_l
33,Laura,Ortiz,6906650800,1997-12-11,35,5,second cook,https://picsum.photos/125/792,barbara46,c6_^zTPe(c
34,Nicholas,Diaz,(222)595-7581,1971-04-11,45,6,second cook,https://picsum.photos/81/301,dennis31,Da7Kg2zfV^
35,Norman,Chavez,+1-656-759-9554x6512,1967-11-09,48,1,first cook,https://picsum.photos/489/710,sweeneyjordan,*c5TDFyi5*
36,Rodney,Miller,001-669-437-8771,1998-07-18,51,1,second cook,https://dummyimage.com/105x180,austin27,!!JeDmwIx7
37,Megan,Mejia,001-718-681-7602x4545,1965-01-19,46,2,sous-chef,https://placekitten.com/1010/1011,brockkelly,v9MX5_wY^2
38,Bill,Acosta,987-278-3332,1993-12-09,39,6,chef,https://placekitten.com/541/331,stephenscody,%Y#+@Za+5V
39,Jessica,Combs,+1-887-722-8199x834,1987-05-14,54,10,second cook,https://placekitten.com/198/828,harrisjulia,o_0oN5kMM$
40,Lisa,Davis,914-542-6558,1975-09-06,41,1,second cook,https://dummyimage.com/636x92,marchumphrey,K33ZhXzv&)
41,Tammy,Simpson,600-364-7065,1972-09-13,29,6,first cook,https://picsum.photos/428/42,brownyesenia,@^9yM3yl+G
42,Kelly,Walker,5192540630,1967-05-03,43,5,third cook,https://picsum.photos/997/562,dixondonna,k@5C60By@x
43,Jennifer,Berry,339-846-5824x160,1997-04-08,51,1,third cook,https://picsum.photos/272/328,lawrencekatherine,F#7(Iyy6#T
44,Jessica,Peters,001-665-777-0391x47035,1972-09-19,51,4,sous-chef,https://placekitten.com/429/452,robert80,1U6Y4OKw^i
45,Jose,Roach,+1-919-541-2800x86136,1979-10-31,48,8,first cook,https://picsum.photos/69/422,lucasmurphy,_GT6Zfst65
46,Darryl,Werner,(830)762-9938x7190,1991-05-25,32,5,second cook,https://picsum.photos/149/59,evasquez,9_KYLeWu+l
47,Christine,Gregory,253.479.8678,1964-11-06,39,6,sous-chef,https://placekitten.com/792/909,fernandezsharon,RH_*A96t2@
48,Amanda,Long,+1-460-735-5847x9150,1979-09-26,60,3,sous-chef,https://placekitten.com/1009/148,sabrinamooney,X(%u38Lu!E
49,Stacey,Williams,+1-320-980-1705x959,1969-11-27,50,3,third cook,https://placekitten.com/256/72,patriciajordan,)oHex_P6Y8
50,Michael,Clark,201.748.1689x7098,1984-09-27,53,6,sous-chef,https://dummyimage.com/610x278,katierubio,)*B5HXXtQV
51,John,Sanchez,+1-532-665-7957x2425,1981-10-28,46,8,third cook,https://placekitten.com/974/869,ralph71,^#4WCa(hHo
52,Ann,Smith,9033825146,1979-05-22,42,7,third cook,https://picsum.photos/205/526,schmittsteven,4Y8T_Djiy%
53,Anthony,Jackson,001-966-851-2756x4955,1988-07-25,57,2,chef,https://dummyimage.com/787x313,jmeyer,S&0SAq8uFP
54,Sean,Harvey,352-822-8625x587,1963-04-09,46,2,sous-chef,https://picsum.photos/1010/579,aaron60,&_11SRNr!W
55,Christina,Massey,655-438-4993x33667,1972-12-29,26,8,third cook,https://picsum.photos/125/187,oliviacox,YUpF3Yrd)8
56,April,Hawkins,4418173729,1993-03-09,58,1,second cook,https://dummyimage.com/507x947,morrisonjodi,LzM07WNs(x
57,Nicole,Aguilar,6629026599,1995-02-19,45,4,third cook,https://picsum.photos/749/60,cooktamara,%8R9_2#xE6
58,James,Walker,7197734468,1988-03-10,39,2,third cook,https://picsum.photos/867/462,bdavis,5k#flW)w#K
59,Ryan,Knox,922-647-8371x67202,1967-08-11,39,9,third cook,https://picsum.photos/153/117,bartonmaria,wO$vPFtN*2
60,Angela,Banks,+1-657-603-9614x5431,1964-10-03,49,10,first cook,https://placekitten.com/506/237,christopher46,&3XWkq*M_0
61,Heather,Allen,001-315-953-5785x41356,1997-02-22,49,3,first cook,https://picsum.photos/105/911,jonathondunn,&0u+K139vv
62,Danielle,Green,943.878.5479,1966-08-22,39,6,chef,https://dummyimage.com/315x307,frose,+pb(QuqeI9
63,Katelyn,Medina,+1-775-488-2728x861,1967-12-14,47,2,sous-chef,https://dummyimage.com/196x729,dannycarroll,D^Y9dLhM!S
64,Tracey,Reynolds,416.990.2110,1980-10-02,37,6,third cook,https://placekitten.com/892/596,jessicanelson,7L2T1kk^!O
65,Luis,Kelly,(428)782-0268,1966-06-29,33,7,sous-chef,https://dummyimage.com/13x350,andrewwilson,e%*8Eew)7%
66,Steven,Hampton,633.604.5027x8553,1987-12-19,35,9,chef,https://picsum.photos/913/713,simsthomas,#M6hHDjbKj
67,William,Harrison,229-905-1570x97549,1989-07-29,51,7,third cook,https://dummyimage.com/367x733,levans,pUD+I2et#5
68,Deborah,Anderson,508.515.0950x27513,1967-06-29,44,6,third cook,https://placekitten.com/680/414,richardmorgan,mrI9C8kP_4
69,Philip,Trevino,856.982.3389x39621,1968-12-18,25,4,first cook,https://dummyimage.com/572x739,jonwalls,4RWsRkzK#Q
70,Marc,Potts,001-412-989-5023x590,1963-10-15,28,3,chef,https://picsum.photos/651/988,alvarezstephanie,om%7OYmUCk
71,Steve,Russo,(419)726-5336x4051,1967-03-19,40,4,sous-chef,https://placekitten.com/458/264,zacharyrobinson,_#9HM*k&PF
72,Lauren,Smith,(320)370-8782x780,1964-10-08,48,7,first cook,https://placekitten.com/630/182,susanjohnson,Pz3oCgTn(0
73,Laura,Nelson,618.456.4330x0361,1978-02-12,28,5,first cook,https://dummyimage.com/24x804,millstodd,$v7jtKh@Sa
74,Benjamin,Ruiz,+1-400-679-6078x48689,1988-10-11,36,10,chef,https://picsum.photos/631/534,bradleybell,#T#MVdqi5O
75,Natasha,Duffy,272-896-9400,1969-11-02,45,9,second cook,https://placekitten.com/76/608,emily73,@26RGBwv(n
76,Michael,Kline,+1-459-697-2580x628,1975-06-11,45,1,first cook,https://dummyimage.com/511x869,randallbarnes,QT9Gcvjj^$
77,Jack,Taylor,001-986-578-3283x681,1984-12-30,39,10,sous-chef,https://dummyimage.com/843x898,kathleen42,(s+1PCaB@#
78,Katrina,Goodwin,(464)816-5371,1977-12-10,51,6,third cook,https://picsum.photos/354/825,webbjonathan,uhx@5FhTf*
79,Daniel,Smith,848.560.5761,1974-10-31,31,5,second cook,https://picsum.photos/803/426,april96,+goFwzeT66
80,Stephen,Ferguson,(220)205-6580,1974-09-09,46,6,third cook,https://placekitten.com/245/544,karen99,$*4KUzSwE0
81,Scott,Wood,001-278-969-6824x94173,1987-09-29,53,6,chef,https://placekitten.com/1022/768,josewilliams,&WVE%)a691
82,Hannah,Bowers,443-422-3691,1997-10-22,36,2,second cook,https://placekitten.com/615/602,williamskelsey,1URG4%@t(7
83,Jimmy,Ramirez,765-851-5095x701,1990-07-02,28,2,sous-chef,https://picsum.photos/915/404,craigpierce,%^W4Cn^SLH
84,Andrea,Murillo,976-964-5840x68797,1995-01-20,52,5,sous-chef,https://placekitten.com/534/677,robert87,+IW7nNaOI9
85,Victoria,Mathews,813-383-8032x52970,1987-11-20,58,6,third cook,https://placekitten.com/343/642,joshuamoore,wY0olPsgE*
86,Amanda,Baldwin,476-482-9323x580,1966-02-16,35,4,sous-chef,https://dummyimage.com/884x536,nicholsvickie,%s3USJOuP%
87,Scott,Hodges,+1-702-213-1850,1966-05-04,30,4,first cook,https://placekitten.com/298/1017,molinabenjamin,@5eYRREt9+
88,Nicole,Lopez,001-501-484-0228,1969-07-26,49,5,second cook,https://dummyimage.com/783x848,debbiejohnston,$0O4*FXb)8
89,Frederick,Watkins,(873)634-6796,1995-10-18,28,5,sous-chef,https://placekitten.com/751/583,geoffreymathis,2PhHY2Ma$1
90,Danielle,Wood,001-749-359-4667x1409,1988-05-17,50,5,first cook,https://placekitten.com/495/696,johncoleman,U_7joE3yXe
91,Joseph,Bailey,272.912.0292x444,1989-10-17,47,8,sous-chef,https://picsum.photos/743/800,larrypeters,@ld60MGp8N
92,Melissa,Hall,001-458-469-5143,1965-01-10,53,1,first cook,https://placekitten.com/350/804,bryan58,#r+#50Nht@
93,Cassie,Berry,575-986-7343x3614,1963-10-28,42,2,first cook,https://placekitten.com/666/608,samantha58,rIFTvXp$!6
94,Jason,Jones,001-800-390-3292x6606,1982-08-10,57,4,first cook,https://placekitten.com/351/758,qdavis,oEj2Dr6r_@
95,Jose,Evans,377-834-2789,1989-07-11,46,6,chef,https://dummyimage.com/502x467,cmartin,(AOjgbqh)4
96,Jessica,Barnett,213-265-5689x808,1970-04-29,37,7,first cook,https://picsum.photos/30/869,vlong,X#P1s5Rd%3
97,Kimberly,Riley,+1-604-348-3488x83997,1977-08-25,55,7,second cook,https://picsum.photos/403/78,amonroe,@T7GuqBLO@
98,Stephanie,Berry,001-984-869-0973x12627,1963-06-17,41,6,chef,https://placekitten.com/50/153,rodriguezconnie,yF5P0k^e!*
99,Karen,Lynn,854-934-4240,1982-04-23,32,9,third cook,https://dummyimage.com/552x106,phillip47,!N5NSSb6K+
100,Jeremy,Collins,758.714.7471,1973-11-29,49,2,third cook,https://dummyimage.com/971x756,ugarrett,L1BWce5x^3