1,2010,1,https://placekitten.com/193/659,127
2,2010,2,https://dummyimage.com/106x968,184
3,2010,3,https://dummyimage.com/883x800,197
4,2010,4,https://dummyimage.com/623x615,93
5,2010,5,https://placekitten.com/238/209,60
6,2010,6,https://picsum.photos/501/110,112
7,2010,7,https://picsum.photos/86/287,143
8,2010,8,https://dummyimage.com/312x577,104
9,2010,9,https://placekitten.com/309/381,4
10,2010,10,https://placekitten.com/371/64,47
11,2011,1,https://dummyimage.com/833x772,68
12,2011,2,https://picsum.photos/499/713,167
13,2011,3,https://picsum.photos/83/194,138
14,2011,4,https://dummyimage.com/21x219,186
15,2011,5,https://placekitten.com/651/835,115
16,2011,6,https://picsum.photos/383/962,56
17,2011,7,https://dummyimage.com/298x241,29
18,2011,8,https://picsum.photos/96/716,150
19,2011,9,https://placekitten.com/18/775,21
20,2011,10,https://picsum.photos/246/736,121
21,2012,1,https://picsum.photos/25/233,41
22,2012,2,https://placekitten.com/19/400,130
23,2012,3,https://placekitten.com/960/286,127
24,2012,4,https://picsum.photos/35/187,83
25,2012,5,https://placekitten.com/182/974,154
26,2012,6,https://picsum.photos/1024/649,56
27,2012,7,https://placekitten.com/503/295,88
28,2012,8,https://dummyimage.com/413x71,15
29,2012,9,https://placekitten.com/840/346,27
30,2012,10,https://placekitten.com/980/981,56
31,2013,1,https://picsum.photos/138/94,184
32,2013,2,https://picsum.photos/693/694,26
33,2013,3,https://dummyimage.com/294x788,122
34,2013,4,https://placekitten.com/954/801,36
35,2013,5,https://dummyimage.com/413x227,15
36,2013,6,https://dummyimage.com/105x715,142
37,2013,7,https://picsum.photos/526/405,153
38,2013,8,https://dummyimage.com/924x186,169
39,2013,9,https://dummyimage.com/345x956,161
40,2013,10,https://placekitten.com/168/205,62
41,2014,1,https://dummyimage.com/977x121,192
42,2014,2,https://picsum.photos/790/497,21
43,2014,3,https://picsum.photos/1006/625,44
44,2014,4,https://dummyimage.com/1005x233,63
45,2014,5,https://placekitten.com/149/229,161
46,2014,6,https://dummyimage.com/973x472,121
47,2014,7,https://dummyimage.com/638x201,15
48,2014,8,https://dummyimage.com/382x540,21
49,2014,9,https://placekitten.com/647/245,170
50,2014,10,https://placekitten.com/611/589,158
51,2015,1,https://picsum.photos/680/14,67
52,2015,2,https://placekitten.com/278/154,165
53,2015,3,https://dummyimage.com/523x342,59
54,2015,4,https://placekitten.com/342/645,62
55,2015,5,https://picsum.photos/264/117,55
56,2015,6,https://placekitten.com/833/533,36
57,2015,7,https://placekitten.com/991/791,56
58,2015,8,https://placekitten.com/292/962,78
59,2015,9,https://placekitten.com/454/693,122
60,2015,10,https://placekitten.com/624/650,60
61,2016,1,https://placekitten.com/333/401,67
62,2016,2,https://placekitten.com/245/932,11
63,2016,3,https://dummyimage.com/1001x280,161
64,2016,4,https://picsum.photos/632/960,27
65,2016,5,https://dummyimage.com/200x595,196
66,2016,6,https://placekitten.com/536/362,146
67,2016,7,https://picsum.photos/40/869,159
68,2016,8,https://placekitten.com/433/42,77
69,2016,9,https://picsum.photos/69/581,88
70,2016,10,https://dummyimage.com/976x919,142
71,2017,1,https://dummyimage.com/103x539,28
72,2017,2,https://picsum.photos/136/34,93
73,2017,3,https://placekitten.com/777/273,88
74,2017,4,https://placekitten.com/128/489,111
75,2017,5,https://placekitten.com/240/384,158
76,2017,6,https://dummyimage.com/770x261,26
77,2017,7,https://picsum.photos/508/270,104
78,2017,8,https://picsum.photos/225/249,47
79,2017,9,https://placekitten.com/1006/630,157
80,2017,10,https://dummyimage.com/1021x93,122
81,2018,1,https://placekitten.com/761/453,195
82,2018,2,https://dummyimage.com/171x398,120
83,2018,3,https://dummyimage.com/319x751,22
84,2018,4,https://picsum.photos/493/819,91
85,2018,5,https://placekitten.com/770/648,44
86,2018,6,https://dummyimage.com/652x76,12
87,2018,7,https://picsum.photos/625/497,67
88,2018,8,https://dummyimage.com/388x493,189
89,2018,9,https://dummyimage.com/698x838,87
90,2018,10,https://dummyimage.com/607x397,197
91,2019,1,https://placekitten.com/470/755,152
92,2019,2,https://dummyimage.com/641x51,25
93,2019,3,https://picsum.photos/245/921,54
94,2019,4,https://placekitten.com/901/650,31
95,2019,5,https://dummyimage.com/308x664,192
96,2019,6,https://placekitten.com/163/700,66
97,2019,7,https://picsum.photos/692/464,170
98,2019,8,https://placekitten.com/696/82,54
99,2019,9,https://dummyimage.com/15x924,66
100,2019,10,https://picsum.photos/880/80,92
101,2020,1,https://placekitten.com/405/151,151
102,2020,2,https://dummyimage.com/251x547,27
103,2020,3,https://placekitten.com/688/633,31
104,2020,4,https://placekitten.com/399/675,146
105,2020,5,https://placekitten.com/327/396,134
106,2020,6,https://picsum.photos/176/860,23
107,2020,7,https://placekitten.com/121/209,190
108,2020,8,https://dummyimage.com/814x73,145
109,2020,9,https://placekitten.com/509/1012,32
110,2020,10,https://dummyimage.com/94x935,31
111,2021,1,https://placekitten.com/716/819,13
112,2021,2,https://dummyimage.com/589x149,41
113,2021,3,https://picsum.photos/210/994,182
114,2021,4,https://placekitten.com/24/119,170
115,2021,5,https://picsum.photos/105/553,36
116,2021,6,https://placekitten.com/12/350,120
117,2021,7,https://picsum.photos/761/528,133
118,2021,8,https://dummyimage.com/42x191,92
119,2021,9,https://placekitten.com/989/297,174
120,2021,10,https://placekitten.com/896/445,119
121,2022,1,https://dummyimage.com/936x993,42
122,2022,2,https://placekitten.com/219/958,194
123,2022,3,https://placekitten.com/1011/431,128
124,2022,4,https://placekitten.com/1004/164,62
125,2022,5,https://picsum.photos/509/1021,121
126,2022,6,https://dummyimage.com/15x903,36
127,2022,7,https://dummyimage.com/588x146,73
128,2022,8,https://picsum.photos/634/561,124
129,2022,9,https://dummyimage.com/588x481,111
130,2022,10,https://picsum.photos/697/173,42
131,2023,1,https://dummyimage.com/502x139,107
132,2023,2,https://dummyimage.com/11x796,172
133,2023,3,https://dummyimage.com/461x465,178
134,2023,4,https://picsum.photos/193/265,21
135,2023,5,https://picsum.photos/460/354,37
136,2023,6,https://placekitten.com/922/564,3
137,2023,7,https://picsum.photos/442/652,91
138,2023,8,https://picsum.photos/671/843,64
139,2023,9,https://placekitten.com/93/29,159
140,2023,10,https://picsum.photos/888/806,94